--------------------------------------------------------
--  File created - Wednesday-January-28-2026   
--------------------------------------------------------
--------------------------------------------------------
--  DDL for Table AUTH_GROUP
--------------------------------------------------------

  CREATE TABLE "LOR"."AUTH_GROUP" 
   (	"ID" NUMBER(11,0) GENERATED BY DEFAULT ON NULL AS IDENTITY MINVALUE 1 MAXVALUE 9999999999999999999999999999 INCREMENT BY 1 START WITH 1 CACHE 20 NOORDER  NOCYCLE  NOKEEP  NOSCALE , 
	"NAME" NVARCHAR2(150)
   ) SEGMENT CREATION DEFERRED 
  PCTFREE 10 PCTUSED 40 INITRANS 1 MAXTRANS 255 
 NOCOMPRESS LOGGING
  TABLESPACE "USERS" ;
--------------------------------------------------------
--  DDL for Table AUTH_GROUP_PERMISSIONS
--------------------------------------------------------

  CREATE TABLE "LOR"."AUTH_GROUP_PERMISSIONS" 
   (	"ID" NUMBER(19,0) GENERATED BY DEFAULT ON NULL AS IDENTITY MINVALUE 1 MAXVALUE 9999999999999999999999999999 INCREMENT BY 1 START WITH 1 CACHE 20 NOORDER  NOCYCLE  NOKEEP  NOSCALE , 
	"GROUP_ID" NUMBER(11,0), 
	"PERMISSION_ID" NUMBER(11,0)
   ) SEGMENT CREATION DEFERRED 
  PCTFREE 10 PCTUSED 40 INITRANS 1 MAXTRANS 255 
 NOCOMPRESS LOGGING
  TABLESPACE "USERS" ;
--------------------------------------------------------
--  DDL for Table AUTH_PERMISSION
--------------------------------------------------------

  CREATE TABLE "LOR"."AUTH_PERMISSION" 
   (	"ID" NUMBER(11,0) GENERATED BY DEFAULT ON NULL AS IDENTITY MINVALUE 1 MAXVALUE 9999999999999999999999999999 INCREMENT BY 1 START WITH 1 CACHE 20 NOORDER  NOCYCLE  NOKEEP  NOSCALE , 
	"NAME" NVARCHAR2(255), 
	"CONTENT_TYPE_ID" NUMBER(11,0), 
	"CODENAME" NVARCHAR2(100)
   ) SEGMENT CREATION IMMEDIATE 
  PCTFREE 10 PCTUSED 40 INITRANS 1 MAXTRANS 255 
 NOCOMPRESS LOGGING
  STORAGE(INITIAL 65536 NEXT 1048576 MINEXTENTS 1 MAXEXTENTS 2147483645
  PCTINCREASE 0 FREELISTS 1 FREELIST GROUPS 1
  BUFFER_POOL DEFAULT FLASH_CACHE DEFAULT CELL_FLASH_CACHE DEFAULT)
  TABLESPACE "USERS" ;
--------------------------------------------------------
--  DDL for Table AUTH_USER
--------------------------------------------------------

  CREATE TABLE "LOR"."AUTH_USER" 
   (	"ID" NUMBER(11,0) GENERATED BY DEFAULT ON NULL AS IDENTITY MINVALUE 1 MAXVALUE 9999999999999999999999999999 INCREMENT BY 1 START WITH 1 CACHE 20 NOORDER  NOCYCLE  NOKEEP  NOSCALE , 
	"PASSWORD" NVARCHAR2(128), 
	"LAST_LOGIN" TIMESTAMP (6), 
	"IS_SUPERUSER" NUMBER(1,0), 
	"USERNAME" NVARCHAR2(150), 
	"FIRST_NAME" NVARCHAR2(150), 
	"LAST_NAME" NVARCHAR2(150), 
	"EMAIL" NVARCHAR2(254), 
	"IS_STAFF" NUMBER(1,0), 
	"IS_ACTIVE" NUMBER(1,0), 
	"DATE_JOINED" TIMESTAMP (6)
   ) SEGMENT CREATION IMMEDIATE 
  PCTFREE 10 PCTUSED 40 INITRANS 1 MAXTRANS 255 
 NOCOMPRESS LOGGING
  STORAGE(INITIAL 65536 NEXT 1048576 MINEXTENTS 1 MAXEXTENTS 2147483645
  PCTINCREASE 0 FREELISTS 1 FREELIST GROUPS 1
  BUFFER_POOL DEFAULT FLASH_CACHE DEFAULT CELL_FLASH_CACHE DEFAULT)
  TABLESPACE "USERS" ;
--------------------------------------------------------
--  DDL for Table AUTH_USER_GROUPS
--------------------------------------------------------

  CREATE TABLE "LOR"."AUTH_USER_GROUPS" 
   (	"ID" NUMBER(19,0) GENERATED BY DEFAULT ON NULL AS IDENTITY MINVALUE 1 MAXVALUE 9999999999999999999999999999 INCREMENT BY 1 START WITH 1 CACHE 20 NOORDER  NOCYCLE  NOKEEP  NOSCALE , 
	"USER_ID" NUMBER(11,0), 
	"GROUP_ID" NUMBER(11,0)
   ) SEGMENT CREATION DEFERRED 
  PCTFREE 10 PCTUSED 40 INITRANS 1 MAXTRANS 255 
 NOCOMPRESS LOGGING
  TABLESPACE "USERS" ;
--------------------------------------------------------
--  DDL for Table AUTH_USER_USER_PERMISSIONS
--------------------------------------------------------

  CREATE TABLE "LOR"."AUTH_USER_USER_PERMISSIONS" 
   (	"ID" NUMBER(19,0) GENERATED BY DEFAULT ON NULL AS IDENTITY MINVALUE 1 MAXVALUE 9999999999999999999999999999 INCREMENT BY 1 START WITH 1 CACHE 20 NOORDER  NOCYCLE  NOKEEP  NOSCALE , 
	"USER_ID" NUMBER(11,0), 
	"PERMISSION_ID" NUMBER(11,0)
   ) SEGMENT CREATION DEFERRED 
  PCTFREE 10 PCTUSED 40 INITRANS 1 MAXTRANS 255 
 NOCOMPRESS LOGGING
  TABLESPACE "USERS" ;
--------------------------------------------------------
--  DDL for Table CART
--------------------------------------------------------

  CREATE TABLE "LOR"."CART" 
   (	"CART_ID" NUMBER GENERATED BY DEFAULT AS IDENTITY MINVALUE 1 MAXVALUE 9999999999999999999999999999 INCREMENT BY 1 START WITH 1 CACHE 20 NOORDER  NOCYCLE  NOKEEP  NOSCALE , 
	"USER_ID" NUMBER, 
	"PRODUCT_ID" NUMBER, 
	"QUANTITY" NUMBER
   ) SEGMENT CREATION IMMEDIATE 
  PCTFREE 10 PCTUSED 40 INITRANS 1 MAXTRANS 255 
 NOCOMPRESS LOGGING
  STORAGE(INITIAL 65536 NEXT 1048576 MINEXTENTS 1 MAXEXTENTS 2147483645
  PCTINCREASE 0 FREELISTS 1 FREELIST GROUPS 1
  BUFFER_POOL DEFAULT FLASH_CACHE DEFAULT CELL_FLASH_CACHE DEFAULT)
  TABLESPACE "USERS" ;
--------------------------------------------------------
--  DDL for Table CATEGORY
--------------------------------------------------------

  CREATE TABLE "LOR"."CATEGORY" 
   (	"CATEGORY_ID" NUMBER GENERATED BY DEFAULT AS IDENTITY MINVALUE 1 MAXVALUE 9999999999999999999999999999 INCREMENT BY 1 START WITH 1 CACHE 20 NOORDER  NOCYCLE  NOKEEP  NOSCALE , 
	"CATEGORY_NAME" VARCHAR2(100 BYTE), 
	"GENDER" VARCHAR2(20 BYTE)
   ) SEGMENT CREATION IMMEDIATE 
  PCTFREE 10 PCTUSED 40 INITRANS 1 MAXTRANS 255 
 NOCOMPRESS LOGGING
  STORAGE(INITIAL 65536 NEXT 1048576 MINEXTENTS 1 MAXEXTENTS 2147483645
  PCTINCREASE 0 FREELISTS 1 FREELIST GROUPS 1
  BUFFER_POOL DEFAULT FLASH_CACHE DEFAULT CELL_FLASH_CACHE DEFAULT)
  TABLESPACE "USERS" ;
--------------------------------------------------------
--  DDL for Table CUSTOMER
--------------------------------------------------------

  CREATE TABLE "LOR"."CUSTOMER" 
   (	"CUSTOMER_ID" NUMBER, 
	"MEMBERSHIP_DATE" DATE, 
	"MEMBERSHIP_STATUS" VARCHAR2(50 BYTE)
   ) SEGMENT CREATION IMMEDIATE 
  PCTFREE 10 PCTUSED 40 INITRANS 1 MAXTRANS 255 
 NOCOMPRESS LOGGING
  STORAGE(INITIAL 65536 NEXT 1048576 MINEXTENTS 1 MAXEXTENTS 2147483645
  PCTINCREASE 0 FREELISTS 1 FREELIST GROUPS 1
  BUFFER_POOL DEFAULT FLASH_CACHE DEFAULT CELL_FLASH_CACHE DEFAULT)
  TABLESPACE "USERS" ;
--------------------------------------------------------
--  DDL for Table DJANGO_ADMIN_LOG
--------------------------------------------------------

  CREATE TABLE "LOR"."DJANGO_ADMIN_LOG" 
   (	"ID" NUMBER(11,0) GENERATED BY DEFAULT ON NULL AS IDENTITY MINVALUE 1 MAXVALUE 9999999999999999999999999999 INCREMENT BY 1 START WITH 1 CACHE 20 NOORDER  NOCYCLE  NOKEEP  NOSCALE , 
	"ACTION_TIME" TIMESTAMP (6), 
	"OBJECT_ID" NCLOB, 
	"OBJECT_REPR" NVARCHAR2(200), 
	"ACTION_FLAG" NUMBER(11,0), 
	"CHANGE_MESSAGE" NCLOB, 
	"CONTENT_TYPE_ID" NUMBER(11,0), 
	"USER_ID" NUMBER(11,0)
   ) SEGMENT CREATION IMMEDIATE 
  PCTFREE 10 PCTUSED 40 INITRANS 1 MAXTRANS 255 
 NOCOMPRESS LOGGING
  STORAGE(INITIAL 65536 NEXT 1048576 MINEXTENTS 1 MAXEXTENTS 2147483645
  PCTINCREASE 0 FREELISTS 1 FREELIST GROUPS 1
  BUFFER_POOL DEFAULT FLASH_CACHE DEFAULT CELL_FLASH_CACHE DEFAULT)
  TABLESPACE "USERS" 
 LOB ("OBJECT_ID") STORE AS SECUREFILE (
  TABLESPACE "USERS" ENABLE STORAGE IN ROW 4000 CHUNK 8192
  NOCACHE LOGGING  NOCOMPRESS  KEEP_DUPLICATES 
  STORAGE(INITIAL 262144 NEXT 1048576 MINEXTENTS 1 MAXEXTENTS 2147483645
  PCTINCREASE 0
  BUFFER_POOL DEFAULT FLASH_CACHE DEFAULT CELL_FLASH_CACHE DEFAULT)) 
 LOB ("CHANGE_MESSAGE") STORE AS SECUREFILE (
  TABLESPACE "USERS" ENABLE STORAGE IN ROW 4000 CHUNK 8192
  NOCACHE LOGGING  NOCOMPRESS  KEEP_DUPLICATES 
  STORAGE(INITIAL 262144 NEXT 1048576 MINEXTENTS 1 MAXEXTENTS 2147483645
  PCTINCREASE 0
  BUFFER_POOL DEFAULT FLASH_CACHE DEFAULT CELL_FLASH_CACHE DEFAULT)) ;
--------------------------------------------------------
--  DDL for Table DJANGO_CONTENT_TYPE
--------------------------------------------------------

  CREATE TABLE "LOR"."DJANGO_CONTENT_TYPE" 
   (	"ID" NUMBER(11,0) GENERATED BY DEFAULT ON NULL AS IDENTITY MINVALUE 1 MAXVALUE 9999999999999999999999999999 INCREMENT BY 1 START WITH 1 CACHE 20 NOORDER  NOCYCLE  NOKEEP  NOSCALE , 
	"APP_LABEL" NVARCHAR2(100), 
	"MODEL" NVARCHAR2(100)
   ) SEGMENT CREATION IMMEDIATE 
  PCTFREE 10 PCTUSED 40 INITRANS 1 MAXTRANS 255 
 NOCOMPRESS LOGGING
  STORAGE(INITIAL 65536 NEXT 1048576 MINEXTENTS 1 MAXEXTENTS 2147483645
  PCTINCREASE 0 FREELISTS 1 FREELIST GROUPS 1
  BUFFER_POOL DEFAULT FLASH_CACHE DEFAULT CELL_FLASH_CACHE DEFAULT)
  TABLESPACE "USERS" ;
--------------------------------------------------------
--  DDL for Table DJANGO_MIGRATIONS
--------------------------------------------------------

  CREATE TABLE "LOR"."DJANGO_MIGRATIONS" 
   (	"ID" NUMBER(19,0) GENERATED BY DEFAULT ON NULL AS IDENTITY MINVALUE 1 MAXVALUE 9999999999999999999999999999 INCREMENT BY 1 START WITH 1 CACHE 20 NOORDER  NOCYCLE  NOKEEP  NOSCALE , 
	"APP" NVARCHAR2(255), 
	"NAME" NVARCHAR2(255), 
	"APPLIED" TIMESTAMP (6)
   ) SEGMENT CREATION IMMEDIATE 
  PCTFREE 10 PCTUSED 40 INITRANS 1 MAXTRANS 255 
 NOCOMPRESS LOGGING
  STORAGE(INITIAL 65536 NEXT 1048576 MINEXTENTS 1 MAXEXTENTS 2147483645
  PCTINCREASE 0 FREELISTS 1 FREELIST GROUPS 1
  BUFFER_POOL DEFAULT FLASH_CACHE DEFAULT CELL_FLASH_CACHE DEFAULT)
  TABLESPACE "USERS" ;
--------------------------------------------------------
--  DDL for Table DJANGO_SESSION
--------------------------------------------------------

  CREATE TABLE "LOR"."DJANGO_SESSION" 
   (	"SESSION_KEY" NVARCHAR2(40), 
	"SESSION_DATA" NCLOB, 
	"EXPIRE_DATE" TIMESTAMP (6)
   ) SEGMENT CREATION IMMEDIATE 
  PCTFREE 10 PCTUSED 40 INITRANS 1 MAXTRANS 255 
 NOCOMPRESS LOGGING
  STORAGE(INITIAL 65536 NEXT 1048576 MINEXTENTS 1 MAXEXTENTS 2147483645
  PCTINCREASE 0 FREELISTS 1 FREELIST GROUPS 1
  BUFFER_POOL DEFAULT FLASH_CACHE DEFAULT CELL_FLASH_CACHE DEFAULT)
  TABLESPACE "USERS" 
 LOB ("SESSION_DATA") STORE AS SECUREFILE (
  TABLESPACE "USERS" ENABLE STORAGE IN ROW 4000 CHUNK 8192
  NOCACHE LOGGING  NOCOMPRESS  KEEP_DUPLICATES 
  STORAGE(INITIAL 262144 NEXT 1048576 MINEXTENTS 1 MAXEXTENTS 2147483645
  PCTINCREASE 0
  BUFFER_POOL DEFAULT FLASH_CACHE DEFAULT CELL_FLASH_CACHE DEFAULT)) ;
--------------------------------------------------------
--  DDL for Table ORDER_ITEM
--------------------------------------------------------

  CREATE TABLE "LOR"."ORDER_ITEM" 
   (	"ORDER_ITEM_ID" NUMBER GENERATED BY DEFAULT AS IDENTITY MINVALUE 1 MAXVALUE 9999999999999999999999999999 INCREMENT BY 1 START WITH 1 CACHE 20 NOORDER  NOCYCLE  NOKEEP  NOSCALE , 
	"ORDER_ID" NUMBER, 
	"PRODUCT_ID" NUMBER, 
	"QUANTITY" NUMBER, 
	"SUBTOTAL" NUMBER(10,2)
   ) SEGMENT CREATION IMMEDIATE 
  PCTFREE 10 PCTUSED 40 INITRANS 1 MAXTRANS 255 
 NOCOMPRESS LOGGING
  STORAGE(INITIAL 65536 NEXT 1048576 MINEXTENTS 1 MAXEXTENTS 2147483645
  PCTINCREASE 0 FREELISTS 1 FREELIST GROUPS 1
  BUFFER_POOL DEFAULT FLASH_CACHE DEFAULT CELL_FLASH_CACHE DEFAULT)
  TABLESPACE "USERS" ;
--------------------------------------------------------
--  DDL for Table ORDER_TABLE
--------------------------------------------------------

  CREATE TABLE "LOR"."ORDER_TABLE" 
   (	"ORDER_ID" NUMBER GENERATED BY DEFAULT AS IDENTITY MINVALUE 1 MAXVALUE 9999999999999999999999999999 INCREMENT BY 1 START WITH 1 CACHE 20 NOORDER  NOCYCLE  NOKEEP  NOSCALE , 
	"STAFF_ID" NUMBER, 
	"CUSTOMER_ID" NUMBER, 
	"TOTAL_AMOUNT" NUMBER(10,2), 
	"ORDER_DATE" TIMESTAMP (6) DEFAULT CURRENT_TIMESTAMP
   ) SEGMENT CREATION IMMEDIATE 
  PCTFREE 10 PCTUSED 40 INITRANS 1 MAXTRANS 255 
 NOCOMPRESS LOGGING
  STORAGE(INITIAL 65536 NEXT 1048576 MINEXTENTS 1 MAXEXTENTS 2147483645
  PCTINCREASE 0 FREELISTS 1 FREELIST GROUPS 1
  BUFFER_POOL DEFAULT FLASH_CACHE DEFAULT CELL_FLASH_CACHE DEFAULT)
  TABLESPACE "USERS" ;
--------------------------------------------------------
--  DDL for Table PAYMENT
--------------------------------------------------------

  CREATE TABLE "LOR"."PAYMENT" 
   (	"PAYMENT_ID" NUMBER GENERATED BY DEFAULT AS IDENTITY MINVALUE 1 MAXVALUE 9999999999999999999999999999 INCREMENT BY 1 START WITH 1 CACHE 20 NOORDER  NOCYCLE  NOKEEP  NOSCALE , 
	"ORDER_ID" NUMBER, 
	"PAYMENT_METHOD" VARCHAR2(50 BYTE), 
	"PAYMENT_DATE" TIMESTAMP (6) DEFAULT CURRENT_TIMESTAMP, 
	"AMOUNT" NUMBER(10,2)
   ) SEGMENT CREATION IMMEDIATE 
  PCTFREE 10 PCTUSED 40 INITRANS 1 MAXTRANS 255 
 NOCOMPRESS LOGGING
  STORAGE(INITIAL 65536 NEXT 1048576 MINEXTENTS 1 MAXEXTENTS 2147483645
  PCTINCREASE 0 FREELISTS 1 FREELIST GROUPS 1
  BUFFER_POOL DEFAULT FLASH_CACHE DEFAULT CELL_FLASH_CACHE DEFAULT)
  TABLESPACE "USERS" ;
--------------------------------------------------------
--  DDL for Table PRODUCT
--------------------------------------------------------

  CREATE TABLE "LOR"."PRODUCT" 
   (	"PRODUCT_ID" NUMBER GENERATED BY DEFAULT AS IDENTITY MINVALUE 1 MAXVALUE 9999999999999999999999999999 INCREMENT BY 1 START WITH 5 CACHE 20 NOORDER  NOCYCLE  NOKEEP  NOSCALE , 
	"CATEGORY_ID" NUMBER, 
	"NAME" VARCHAR2(100 BYTE), 
	"DESCRIPTION" CLOB, 
	"PRICE" NUMBER(10,2), 
	"STOCK" NUMBER, 
	"IMAGE_PATH" VARCHAR2(500 BYTE)
   ) SEGMENT CREATION IMMEDIATE 
  PCTFREE 10 PCTUSED 40 INITRANS 1 MAXTRANS 255 
 NOCOMPRESS LOGGING
  STORAGE(INITIAL 65536 NEXT 1048576 MINEXTENTS 1 MAXEXTENTS 2147483645
  PCTINCREASE 0 FREELISTS 1 FREELIST GROUPS 1
  BUFFER_POOL DEFAULT FLASH_CACHE DEFAULT CELL_FLASH_CACHE DEFAULT)
  TABLESPACE "USERS" 
 LOB ("DESCRIPTION") STORE AS SECUREFILE (
  TABLESPACE "USERS" ENABLE STORAGE IN ROW 4000 CHUNK 8192
  NOCACHE LOGGING  NOCOMPRESS  KEEP_DUPLICATES 
  STORAGE(INITIAL 262144 NEXT 1048576 MINEXTENTS 1 MAXEXTENTS 2147483645
  PCTINCREASE 0
  BUFFER_POOL DEFAULT FLASH_CACHE DEFAULT CELL_FLASH_CACHE DEFAULT)) ;
--------------------------------------------------------
--  DDL for Table STAFF
--------------------------------------------------------

  CREATE TABLE "LOR"."STAFF" 
   (	"STAFF_ID" NUMBER, 
	"SUPERVISOR_ID" NUMBER, 
	"JOB_TITLE" VARCHAR2(100 BYTE), 
	"EMPLOYMENT_TYPE" VARCHAR2(50 BYTE), 
	"DEPARTMENT" VARCHAR2(100 BYTE), 
	"HIRE_DATE" DATE, 
	"HOURLY_RATE" NUMBER(10,2), 
	"SHIFT" VARCHAR2(50 BYTE)
   ) SEGMENT CREATION IMMEDIATE 
  PCTFREE 10 PCTUSED 40 INITRANS 1 MAXTRANS 255 
 NOCOMPRESS LOGGING
  STORAGE(INITIAL 65536 NEXT 1048576 MINEXTENTS 1 MAXEXTENTS 2147483645
  PCTINCREASE 0 FREELISTS 1 FREELIST GROUPS 1
  BUFFER_POOL DEFAULT FLASH_CACHE DEFAULT CELL_FLASH_CACHE DEFAULT)
  TABLESPACE "USERS" ;
--------------------------------------------------------
--  DDL for Table USER_TABLE
--------------------------------------------------------

  CREATE TABLE "LOR"."USER_TABLE" 
   (	"USER_ID" NUMBER GENERATED BY DEFAULT AS IDENTITY MINVALUE 1 MAXVALUE 9999999999999999999999999999 INCREMENT BY 1 START WITH 1 CACHE 20 NOORDER  NOCYCLE  NOKEEP  NOSCALE , 
	"NAME" VARCHAR2(100 BYTE), 
	"EMAIL" VARCHAR2(100 BYTE), 
	"PASSWORD" VARCHAR2(255 BYTE), 
	"PHONE" VARCHAR2(20 BYTE), 
	"ADDRESS" VARCHAR2(500 BYTE), 
	"ROLE" VARCHAR2(20 BYTE) DEFAULT 'customer'
   ) SEGMENT CREATION IMMEDIATE 
  PCTFREE 10 PCTUSED 40 INITRANS 1 MAXTRANS 255 
 NOCOMPRESS LOGGING
  STORAGE(INITIAL 65536 NEXT 1048576 MINEXTENTS 1 MAXEXTENTS 2147483645
  PCTINCREASE 0 FREELISTS 1 FREELIST GROUPS 1
  BUFFER_POOL DEFAULT FLASH_CACHE DEFAULT CELL_FLASH_CACHE DEFAULT)
  TABLESPACE "USERS" ;
REM INSERTING into LOR.AUTH_GROUP
SET DEFINE OFF;
REM INSERTING into LOR.AUTH_GROUP_PERMISSIONS
SET DEFINE OFF;
REM INSERTING into LOR.AUTH_PERMISSION
SET DEFINE OFF;
Insert into LOR.AUTH_PERMISSION (ID,NAME,CONTENT_TYPE_ID,CODENAME) values (277,'Can add staff',36,'add_staff');
Insert into LOR.AUTH_PERMISSION (ID,NAME,CONTENT_TYPE_ID,CODENAME) values (278,'Can change staff',36,'change_staff');
Insert into LOR.AUTH_PERMISSION (ID,NAME,CONTENT_TYPE_ID,CODENAME) values (279,'Can delete staff',36,'delete_staff');
Insert into LOR.AUTH_PERMISSION (ID,NAME,CONTENT_TYPE_ID,CODENAME) values (280,'Can view staff',36,'view_staff');
Insert into LOR.AUTH_PERMISSION (ID,NAME,CONTENT_TYPE_ID,CODENAME) values (281,'Can add customer',28,'add_customer');
Insert into LOR.AUTH_PERMISSION (ID,NAME,CONTENT_TYPE_ID,CODENAME) values (282,'Can change customer',28,'change_customer');
Insert into LOR.AUTH_PERMISSION (ID,NAME,CONTENT_TYPE_ID,CODENAME) values (283,'Can delete customer',28,'delete_customer');
Insert into LOR.AUTH_PERMISSION (ID,NAME,CONTENT_TYPE_ID,CODENAME) values (284,'Can view customer',28,'view_customer');
Insert into LOR.AUTH_PERMISSION (ID,NAME,CONTENT_TYPE_ID,CODENAME) values (285,'Can add app user',7,'add_appuser');
Insert into LOR.AUTH_PERMISSION (ID,NAME,CONTENT_TYPE_ID,CODENAME) values (286,'Can change app user',7,'change_appuser');
Insert into LOR.AUTH_PERMISSION (ID,NAME,CONTENT_TYPE_ID,CODENAME) values (287,'Can delete app user',7,'delete_appuser');
Insert into LOR.AUTH_PERMISSION (ID,NAME,CONTENT_TYPE_ID,CODENAME) values (288,'Can view app user',7,'view_appuser');
Insert into LOR.AUTH_PERMISSION (ID,NAME,CONTENT_TYPE_ID,CODENAME) values (1,'Can add log entry',1,'add_logentry');
Insert into LOR.AUTH_PERMISSION (ID,NAME,CONTENT_TYPE_ID,CODENAME) values (2,'Can change log entry',1,'change_logentry');
Insert into LOR.AUTH_PERMISSION (ID,NAME,CONTENT_TYPE_ID,CODENAME) values (3,'Can delete log entry',1,'delete_logentry');
Insert into LOR.AUTH_PERMISSION (ID,NAME,CONTENT_TYPE_ID,CODENAME) values (4,'Can view log entry',1,'view_logentry');
Insert into LOR.AUTH_PERMISSION (ID,NAME,CONTENT_TYPE_ID,CODENAME) values (5,'Can add permission',3,'add_permission');
Insert into LOR.AUTH_PERMISSION (ID,NAME,CONTENT_TYPE_ID,CODENAME) values (6,'Can change permission',3,'change_permission');
Insert into LOR.AUTH_PERMISSION (ID,NAME,CONTENT_TYPE_ID,CODENAME) values (7,'Can delete permission',3,'delete_permission');
Insert into LOR.AUTH_PERMISSION (ID,NAME,CONTENT_TYPE_ID,CODENAME) values (8,'Can view permission',3,'view_permission');
Insert into LOR.AUTH_PERMISSION (ID,NAME,CONTENT_TYPE_ID,CODENAME) values (9,'Can add group',2,'add_group');
Insert into LOR.AUTH_PERMISSION (ID,NAME,CONTENT_TYPE_ID,CODENAME) values (10,'Can change group',2,'change_group');
Insert into LOR.AUTH_PERMISSION (ID,NAME,CONTENT_TYPE_ID,CODENAME) values (11,'Can delete group',2,'delete_group');
Insert into LOR.AUTH_PERMISSION (ID,NAME,CONTENT_TYPE_ID,CODENAME) values (12,'Can view group',2,'view_group');
Insert into LOR.AUTH_PERMISSION (ID,NAME,CONTENT_TYPE_ID,CODENAME) values (13,'Can add user',4,'add_user');
Insert into LOR.AUTH_PERMISSION (ID,NAME,CONTENT_TYPE_ID,CODENAME) values (14,'Can change user',4,'change_user');
Insert into LOR.AUTH_PERMISSION (ID,NAME,CONTENT_TYPE_ID,CODENAME) values (15,'Can delete user',4,'delete_user');
Insert into LOR.AUTH_PERMISSION (ID,NAME,CONTENT_TYPE_ID,CODENAME) values (16,'Can view user',4,'view_user');
Insert into LOR.AUTH_PERMISSION (ID,NAME,CONTENT_TYPE_ID,CODENAME) values (17,'Can add content type',5,'add_contenttype');
Insert into LOR.AUTH_PERMISSION (ID,NAME,CONTENT_TYPE_ID,CODENAME) values (18,'Can change content type',5,'change_contenttype');
Insert into LOR.AUTH_PERMISSION (ID,NAME,CONTENT_TYPE_ID,CODENAME) values (19,'Can delete content type',5,'delete_contenttype');
Insert into LOR.AUTH_PERMISSION (ID,NAME,CONTENT_TYPE_ID,CODENAME) values (20,'Can view content type',5,'view_contenttype');
Insert into LOR.AUTH_PERMISSION (ID,NAME,CONTENT_TYPE_ID,CODENAME) values (21,'Can add session',6,'add_session');
Insert into LOR.AUTH_PERMISSION (ID,NAME,CONTENT_TYPE_ID,CODENAME) values (22,'Can change session',6,'change_session');
Insert into LOR.AUTH_PERMISSION (ID,NAME,CONTENT_TYPE_ID,CODENAME) values (23,'Can delete session',6,'delete_session');
Insert into LOR.AUTH_PERMISSION (ID,NAME,CONTENT_TYPE_ID,CODENAME) values (24,'Can view session',6,'view_session');
Insert into LOR.AUTH_PERMISSION (ID,NAME,CONTENT_TYPE_ID,CODENAME) values (221,'Can add auth group',21,'add_authgroup');
Insert into LOR.AUTH_PERMISSION (ID,NAME,CONTENT_TYPE_ID,CODENAME) values (222,'Can change auth group',21,'change_authgroup');
Insert into LOR.AUTH_PERMISSION (ID,NAME,CONTENT_TYPE_ID,CODENAME) values (223,'Can delete auth group',21,'delete_authgroup');
Insert into LOR.AUTH_PERMISSION (ID,NAME,CONTENT_TYPE_ID,CODENAME) values (224,'Can view auth group',21,'view_authgroup');
Insert into LOR.AUTH_PERMISSION (ID,NAME,CONTENT_TYPE_ID,CODENAME) values (225,'Can add auth group permissions',22,'add_authgrouppermissions');
Insert into LOR.AUTH_PERMISSION (ID,NAME,CONTENT_TYPE_ID,CODENAME) values (226,'Can change auth group permissions',22,'change_authgrouppermissions');
Insert into LOR.AUTH_PERMISSION (ID,NAME,CONTENT_TYPE_ID,CODENAME) values (227,'Can delete auth group permissions',22,'delete_authgrouppermissions');
Insert into LOR.AUTH_PERMISSION (ID,NAME,CONTENT_TYPE_ID,CODENAME) values (228,'Can view auth group permissions',22,'view_authgrouppermissions');
Insert into LOR.AUTH_PERMISSION (ID,NAME,CONTENT_TYPE_ID,CODENAME) values (229,'Can add auth permission',23,'add_authpermission');
Insert into LOR.AUTH_PERMISSION (ID,NAME,CONTENT_TYPE_ID,CODENAME) values (230,'Can change auth permission',23,'change_authpermission');
Insert into LOR.AUTH_PERMISSION (ID,NAME,CONTENT_TYPE_ID,CODENAME) values (231,'Can delete auth permission',23,'delete_authpermission');
Insert into LOR.AUTH_PERMISSION (ID,NAME,CONTENT_TYPE_ID,CODENAME) values (232,'Can view auth permission',23,'view_authpermission');
Insert into LOR.AUTH_PERMISSION (ID,NAME,CONTENT_TYPE_ID,CODENAME) values (233,'Can add auth user',24,'add_authuser');
Insert into LOR.AUTH_PERMISSION (ID,NAME,CONTENT_TYPE_ID,CODENAME) values (234,'Can change auth user',24,'change_authuser');
Insert into LOR.AUTH_PERMISSION (ID,NAME,CONTENT_TYPE_ID,CODENAME) values (235,'Can delete auth user',24,'delete_authuser');
Insert into LOR.AUTH_PERMISSION (ID,NAME,CONTENT_TYPE_ID,CODENAME) values (236,'Can view auth user',24,'view_authuser');
Insert into LOR.AUTH_PERMISSION (ID,NAME,CONTENT_TYPE_ID,CODENAME) values (237,'Can add auth user groups',25,'add_authusergroups');
Insert into LOR.AUTH_PERMISSION (ID,NAME,CONTENT_TYPE_ID,CODENAME) values (238,'Can change auth user groups',25,'change_authusergroups');
Insert into LOR.AUTH_PERMISSION (ID,NAME,CONTENT_TYPE_ID,CODENAME) values (239,'Can delete auth user groups',25,'delete_authusergroups');
Insert into LOR.AUTH_PERMISSION (ID,NAME,CONTENT_TYPE_ID,CODENAME) values (240,'Can view auth user groups',25,'view_authusergroups');
Insert into LOR.AUTH_PERMISSION (ID,NAME,CONTENT_TYPE_ID,CODENAME) values (241,'Can add auth user user permissions',26,'add_authuseruserpermissions');
Insert into LOR.AUTH_PERMISSION (ID,NAME,CONTENT_TYPE_ID,CODENAME) values (242,'Can change auth user user permissions',26,'change_authuseruserpermissions');
Insert into LOR.AUTH_PERMISSION (ID,NAME,CONTENT_TYPE_ID,CODENAME) values (243,'Can delete auth user user permissions',26,'delete_authuseruserpermissions');
Insert into LOR.AUTH_PERMISSION (ID,NAME,CONTENT_TYPE_ID,CODENAME) values (244,'Can view auth user user permissions',26,'view_authuseruserpermissions');
Insert into LOR.AUTH_PERMISSION (ID,NAME,CONTENT_TYPE_ID,CODENAME) values (245,'Can add category',27,'add_category');
Insert into LOR.AUTH_PERMISSION (ID,NAME,CONTENT_TYPE_ID,CODENAME) values (246,'Can change category',27,'change_category');
Insert into LOR.AUTH_PERMISSION (ID,NAME,CONTENT_TYPE_ID,CODENAME) values (247,'Can delete category',27,'delete_category');
Insert into LOR.AUTH_PERMISSION (ID,NAME,CONTENT_TYPE_ID,CODENAME) values (248,'Can view category',27,'view_category');
Insert into LOR.AUTH_PERMISSION (ID,NAME,CONTENT_TYPE_ID,CODENAME) values (249,'Can add django admin log',29,'add_djangoadminlog');
Insert into LOR.AUTH_PERMISSION (ID,NAME,CONTENT_TYPE_ID,CODENAME) values (250,'Can change django admin log',29,'change_djangoadminlog');
Insert into LOR.AUTH_PERMISSION (ID,NAME,CONTENT_TYPE_ID,CODENAME) values (251,'Can delete django admin log',29,'delete_djangoadminlog');
Insert into LOR.AUTH_PERMISSION (ID,NAME,CONTENT_TYPE_ID,CODENAME) values (252,'Can view django admin log',29,'view_djangoadminlog');
Insert into LOR.AUTH_PERMISSION (ID,NAME,CONTENT_TYPE_ID,CODENAME) values (253,'Can add django content type',30,'add_djangocontenttype');
Insert into LOR.AUTH_PERMISSION (ID,NAME,CONTENT_TYPE_ID,CODENAME) values (254,'Can change django content type',30,'change_djangocontenttype');
Insert into LOR.AUTH_PERMISSION (ID,NAME,CONTENT_TYPE_ID,CODENAME) values (255,'Can delete django content type',30,'delete_djangocontenttype');
Insert into LOR.AUTH_PERMISSION (ID,NAME,CONTENT_TYPE_ID,CODENAME) values (256,'Can view django content type',30,'view_djangocontenttype');
Insert into LOR.AUTH_PERMISSION (ID,NAME,CONTENT_TYPE_ID,CODENAME) values (257,'Can add django migrations',31,'add_djangomigrations');
Insert into LOR.AUTH_PERMISSION (ID,NAME,CONTENT_TYPE_ID,CODENAME) values (258,'Can change django migrations',31,'change_djangomigrations');
Insert into LOR.AUTH_PERMISSION (ID,NAME,CONTENT_TYPE_ID,CODENAME) values (259,'Can delete django migrations',31,'delete_djangomigrations');
Insert into LOR.AUTH_PERMISSION (ID,NAME,CONTENT_TYPE_ID,CODENAME) values (260,'Can view django migrations',31,'view_djangomigrations');
Insert into LOR.AUTH_PERMISSION (ID,NAME,CONTENT_TYPE_ID,CODENAME) values (261,'Can add django session',32,'add_djangosession');
Insert into LOR.AUTH_PERMISSION (ID,NAME,CONTENT_TYPE_ID,CODENAME) values (262,'Can change django session',32,'change_djangosession');
Insert into LOR.AUTH_PERMISSION (ID,NAME,CONTENT_TYPE_ID,CODENAME) values (263,'Can delete django session',32,'delete_djangosession');
Insert into LOR.AUTH_PERMISSION (ID,NAME,CONTENT_TYPE_ID,CODENAME) values (264,'Can view django session',32,'view_djangosession');
Insert into LOR.AUTH_PERMISSION (ID,NAME,CONTENT_TYPE_ID,CODENAME) values (265,'Can add orders',33,'add_orders');
Insert into LOR.AUTH_PERMISSION (ID,NAME,CONTENT_TYPE_ID,CODENAME) values (266,'Can change orders',33,'change_orders');
Insert into LOR.AUTH_PERMISSION (ID,NAME,CONTENT_TYPE_ID,CODENAME) values (267,'Can delete orders',33,'delete_orders');
Insert into LOR.AUTH_PERMISSION (ID,NAME,CONTENT_TYPE_ID,CODENAME) values (268,'Can view orders',33,'view_orders');
Insert into LOR.AUTH_PERMISSION (ID,NAME,CONTENT_TYPE_ID,CODENAME) values (269,'Can add payment',34,'add_payment');
Insert into LOR.AUTH_PERMISSION (ID,NAME,CONTENT_TYPE_ID,CODENAME) values (270,'Can change payment',34,'change_payment');
Insert into LOR.AUTH_PERMISSION (ID,NAME,CONTENT_TYPE_ID,CODENAME) values (271,'Can delete payment',34,'delete_payment');
Insert into LOR.AUTH_PERMISSION (ID,NAME,CONTENT_TYPE_ID,CODENAME) values (272,'Can view payment',34,'view_payment');
Insert into LOR.AUTH_PERMISSION (ID,NAME,CONTENT_TYPE_ID,CODENAME) values (273,'Can add product',35,'add_product');
Insert into LOR.AUTH_PERMISSION (ID,NAME,CONTENT_TYPE_ID,CODENAME) values (274,'Can change product',35,'change_product');
Insert into LOR.AUTH_PERMISSION (ID,NAME,CONTENT_TYPE_ID,CODENAME) values (275,'Can delete product',35,'delete_product');
Insert into LOR.AUTH_PERMISSION (ID,NAME,CONTENT_TYPE_ID,CODENAME) values (276,'Can view product',35,'view_product');
REM INSERTING into LOR.AUTH_USER
SET DEFINE OFF;
Insert into LOR.AUTH_USER (ID,PASSWORD,LAST_LOGIN,IS_SUPERUSER,USERNAME,FIRST_NAME,LAST_NAME,EMAIL,IS_STAFF,IS_ACTIVE,DATE_JOINED) values (1,'pbkdf2_sha256$1200000$SIr0bXacb8OK6xkb4Dd9fr$8dtQQEQpJfY8a5/C67ShHCN4gBl3MxKZFAZCQkkZxJk=',to_timestamp('07/01/2026 09:55:52.249671000','DD/MM/RRRR HH24:MI:SSXFF'),1,'lor',null,null,null,1,1,to_timestamp('05/01/2026 08:42:41.305114000','DD/MM/RRRR HH24:MI:SSXFF'));
REM INSERTING into LOR.AUTH_USER_GROUPS
SET DEFINE OFF;
REM INSERTING into LOR.AUTH_USER_USER_PERMISSIONS
SET DEFINE OFF;
REM INSERTING into LOR.CART
SET DEFINE OFF;
Insert into LOR.CART (CART_ID,USER_ID,PRODUCT_ID,QUANTITY) values (21,21,3,1);
Insert into LOR.CART (CART_ID,USER_ID,PRODUCT_ID,QUANTITY) values (22,21,2,1);
REM INSERTING into LOR.CATEGORY
SET DEFINE OFF;
Insert into LOR.CATEGORY (CATEGORY_ID,CATEGORY_NAME,GENDER) values (1,'Pants','Female');
Insert into LOR.CATEGORY (CATEGORY_ID,CATEGORY_NAME,GENDER) values (2,'Shirt','Male');
REM INSERTING into LOR.CUSTOMER
SET DEFINE OFF;
Insert into LOR.CUSTOMER (CUSTOMER_ID,MEMBERSHIP_DATE,MEMBERSHIP_STATUS) values (61,to_date('10/01/2026','DD/MM/RRRR'),'active');
Insert into LOR.CUSTOMER (CUSTOMER_ID,MEMBERSHIP_DATE,MEMBERSHIP_STATUS) values (41,to_date('09/01/2026','DD/MM/RRRR'),'active');
REM INSERTING into LOR.DJANGO_ADMIN_LOG
SET DEFINE OFF;
Insert into LOR.DJANGO_ADMIN_LOG (ID,ACTION_TIME,OBJECT_REPR,ACTION_FLAG,CONTENT_TYPE_ID,USER_ID) values (2,to_timestamp('07/01/2026 07:22:35.936254000','DD/MM/RRRR HH24:MI:SSXFF'),'Product object (1.0)',1,35,1);
Insert into LOR.DJANGO_ADMIN_LOG (ID,ACTION_TIME,OBJECT_REPR,ACTION_FLAG,CONTENT_TYPE_ID,USER_ID) values (6,to_timestamp('07/01/2026 09:12:12.855143000','DD/MM/RRRR HH24:MI:SSXFF'),'Product object (1.0)',2,35,1);
Insert into LOR.DJANGO_ADMIN_LOG (ID,ACTION_TIME,OBJECT_REPR,ACTION_FLAG,CONTENT_TYPE_ID,USER_ID) values (1,to_timestamp('07/01/2026 07:21:44.216173000','DD/MM/RRRR HH24:MI:SSXFF'),'Category object (1.0)',1,27,1);
Insert into LOR.DJANGO_ADMIN_LOG (ID,ACTION_TIME,OBJECT_REPR,ACTION_FLAG,CONTENT_TYPE_ID,USER_ID) values (3,to_timestamp('07/01/2026 08:53:27.604595000','DD/MM/RRRR HH24:MI:SSXFF'),'Product object (1.0)',2,35,1);
Insert into LOR.DJANGO_ADMIN_LOG (ID,ACTION_TIME,OBJECT_REPR,ACTION_FLAG,CONTENT_TYPE_ID,USER_ID) values (4,to_timestamp('07/01/2026 08:54:18.055286000','DD/MM/RRRR HH24:MI:SSXFF'),'Product object (1.0)',2,35,1);
Insert into LOR.DJANGO_ADMIN_LOG (ID,ACTION_TIME,OBJECT_REPR,ACTION_FLAG,CONTENT_TYPE_ID,USER_ID) values (21,to_timestamp('09/01/2026 20:36:22.811870000','DD/MM/RRRR HH24:MI:SSXFF'),'UserTable object (21)',1,37,1);
Insert into LOR.DJANGO_ADMIN_LOG (ID,ACTION_TIME,OBJECT_REPR,ACTION_FLAG,CONTENT_TYPE_ID,USER_ID) values (5,to_timestamp('07/01/2026 08:55:01.399331000','DD/MM/RRRR HH24:MI:SSXFF'),'Category object (1.0)',2,27,1);
Insert into LOR.DJANGO_ADMIN_LOG (ID,ACTION_TIME,OBJECT_REPR,ACTION_FLAG,CONTENT_TYPE_ID,USER_ID) values (7,to_timestamp('07/01/2026 10:00:15.893166000','DD/MM/RRRR HH24:MI:SSXFF'),'Shirt(Male)',1,27,1);
Insert into LOR.DJANGO_ADMIN_LOG (ID,ACTION_TIME,OBJECT_REPR,ACTION_FLAG,CONTENT_TYPE_ID,USER_ID) values (8,to_timestamp('07/01/2026 10:01:25.076467000','DD/MM/RRRR HH24:MI:SSXFF'),'Flannel',1,35,1);
Insert into LOR.DJANGO_ADMIN_LOG (ID,ACTION_TIME,OBJECT_REPR,ACTION_FLAG,CONTENT_TYPE_ID,USER_ID) values (9,to_timestamp('07/01/2026 10:03:08.931773000','DD/MM/RRRR HH24:MI:SSXFF'),'Polo Shirt',1,35,1);
Insert into LOR.DJANGO_ADMIN_LOG (ID,ACTION_TIME,OBJECT_REPR,ACTION_FLAG,CONTENT_TYPE_ID,USER_ID) values (10,to_timestamp('07/01/2026 10:04:37.766165000','DD/MM/RRRR HH24:MI:SSXFF'),'Zipper',1,35,1);
REM INSERTING into LOR.DJANGO_CONTENT_TYPE
SET DEFINE OFF;
Insert into LOR.DJANGO_CONTENT_TYPE (ID,APP_LABEL,MODEL) values (7,'main','appuser');
Insert into LOR.DJANGO_CONTENT_TYPE (ID,APP_LABEL,MODEL) values (37,'main','usertable');
Insert into LOR.DJANGO_CONTENT_TYPE (ID,APP_LABEL,MODEL) values (1,'admin','logentry');
Insert into LOR.DJANGO_CONTENT_TYPE (ID,APP_LABEL,MODEL) values (2,'auth','group');
Insert into LOR.DJANGO_CONTENT_TYPE (ID,APP_LABEL,MODEL) values (3,'auth','permission');
Insert into LOR.DJANGO_CONTENT_TYPE (ID,APP_LABEL,MODEL) values (4,'auth','user');
Insert into LOR.DJANGO_CONTENT_TYPE (ID,APP_LABEL,MODEL) values (5,'contenttypes','contenttype');
Insert into LOR.DJANGO_CONTENT_TYPE (ID,APP_LABEL,MODEL) values (6,'sessions','session');
Insert into LOR.DJANGO_CONTENT_TYPE (ID,APP_LABEL,MODEL) values (21,'main','authgroup');
Insert into LOR.DJANGO_CONTENT_TYPE (ID,APP_LABEL,MODEL) values (22,'main','authgrouppermissions');
Insert into LOR.DJANGO_CONTENT_TYPE (ID,APP_LABEL,MODEL) values (23,'main','authpermission');
Insert into LOR.DJANGO_CONTENT_TYPE (ID,APP_LABEL,MODEL) values (24,'main','authuser');
Insert into LOR.DJANGO_CONTENT_TYPE (ID,APP_LABEL,MODEL) values (25,'main','authusergroups');
Insert into LOR.DJANGO_CONTENT_TYPE (ID,APP_LABEL,MODEL) values (26,'main','authuseruserpermissions');
Insert into LOR.DJANGO_CONTENT_TYPE (ID,APP_LABEL,MODEL) values (27,'main','category');
Insert into LOR.DJANGO_CONTENT_TYPE (ID,APP_LABEL,MODEL) values (28,'main','customer');
Insert into LOR.DJANGO_CONTENT_TYPE (ID,APP_LABEL,MODEL) values (29,'main','djangoadminlog');
Insert into LOR.DJANGO_CONTENT_TYPE (ID,APP_LABEL,MODEL) values (30,'main','djangocontenttype');
Insert into LOR.DJANGO_CONTENT_TYPE (ID,APP_LABEL,MODEL) values (31,'main','djangomigrations');
Insert into LOR.DJANGO_CONTENT_TYPE (ID,APP_LABEL,MODEL) values (32,'main','djangosession');
Insert into LOR.DJANGO_CONTENT_TYPE (ID,APP_LABEL,MODEL) values (33,'main','orders');
Insert into LOR.DJANGO_CONTENT_TYPE (ID,APP_LABEL,MODEL) values (34,'main','payment');
Insert into LOR.DJANGO_CONTENT_TYPE (ID,APP_LABEL,MODEL) values (35,'main','product');
Insert into LOR.DJANGO_CONTENT_TYPE (ID,APP_LABEL,MODEL) values (36,'main','staff');
REM INSERTING into LOR.DJANGO_MIGRATIONS
SET DEFINE OFF;
Insert into LOR.DJANGO_MIGRATIONS (ID,APP,NAME,APPLIED) values (1,'contenttypes','0001_initial',to_timestamp('05/01/2026 08:31:55.348209000','DD/MM/RRRR HH24:MI:SSXFF'));
Insert into LOR.DJANGO_MIGRATIONS (ID,APP,NAME,APPLIED) values (2,'auth','0001_initial',to_timestamp('05/01/2026 08:31:55.515260000','DD/MM/RRRR HH24:MI:SSXFF'));
Insert into LOR.DJANGO_MIGRATIONS (ID,APP,NAME,APPLIED) values (3,'admin','0001_initial',to_timestamp('05/01/2026 08:31:55.559857000','DD/MM/RRRR HH24:MI:SSXFF'));
Insert into LOR.DJANGO_MIGRATIONS (ID,APP,NAME,APPLIED) values (4,'admin','0002_logentry_remove_auto_add',to_timestamp('05/01/2026 08:31:55.564102000','DD/MM/RRRR HH24:MI:SSXFF'));
Insert into LOR.DJANGO_MIGRATIONS (ID,APP,NAME,APPLIED) values (5,'admin','0003_logentry_add_action_flag_choices',to_timestamp('05/01/2026 08:31:55.568353000','DD/MM/RRRR HH24:MI:SSXFF'));
Insert into LOR.DJANGO_MIGRATIONS (ID,APP,NAME,APPLIED) values (6,'contenttypes','0002_remove_content_type_name',to_timestamp('05/01/2026 08:31:55.840161000','DD/MM/RRRR HH24:MI:SSXFF'));
Insert into LOR.DJANGO_MIGRATIONS (ID,APP,NAME,APPLIED) values (7,'auth','0002_alter_permission_name_max_length',to_timestamp('05/01/2026 08:31:55.868886000','DD/MM/RRRR HH24:MI:SSXFF'));
Insert into LOR.DJANGO_MIGRATIONS (ID,APP,NAME,APPLIED) values (8,'auth','0003_alter_user_email_max_length',to_timestamp('05/01/2026 08:31:55.877660000','DD/MM/RRRR HH24:MI:SSXFF'));
Insert into LOR.DJANGO_MIGRATIONS (ID,APP,NAME,APPLIED) values (9,'auth','0004_alter_user_username_opts',to_timestamp('05/01/2026 08:31:55.882064000','DD/MM/RRRR HH24:MI:SSXFF'));
Insert into LOR.DJANGO_MIGRATIONS (ID,APP,NAME,APPLIED) values (10,'auth','0005_alter_user_last_login_null',to_timestamp('05/01/2026 08:31:55.898197000','DD/MM/RRRR HH24:MI:SSXFF'));
Insert into LOR.DJANGO_MIGRATIONS (ID,APP,NAME,APPLIED) values (11,'auth','0006_require_contenttypes_0002',to_timestamp('05/01/2026 08:31:55.899184000','DD/MM/RRRR HH24:MI:SSXFF'));
Insert into LOR.DJANGO_MIGRATIONS (ID,APP,NAME,APPLIED) values (12,'auth','0007_alter_validators_add_error_messages',to_timestamp('05/01/2026 08:31:55.904386000','DD/MM/RRRR HH24:MI:SSXFF'));
Insert into LOR.DJANGO_MIGRATIONS (ID,APP,NAME,APPLIED) values (13,'auth','0008_alter_user_username_max_length',to_timestamp('05/01/2026 08:31:55.913286000','DD/MM/RRRR HH24:MI:SSXFF'));
Insert into LOR.DJANGO_MIGRATIONS (ID,APP,NAME,APPLIED) values (14,'auth','0009_alter_user_last_name_max_length',to_timestamp('05/01/2026 08:31:55.922639000','DD/MM/RRRR HH24:MI:SSXFF'));
Insert into LOR.DJANGO_MIGRATIONS (ID,APP,NAME,APPLIED) values (15,'auth','0010_alter_group_name_max_length',to_timestamp('05/01/2026 08:31:55.931718000','DD/MM/RRRR HH24:MI:SSXFF'));
Insert into LOR.DJANGO_MIGRATIONS (ID,APP,NAME,APPLIED) values (16,'auth','0011_update_proxy_permissions',to_timestamp('05/01/2026 08:31:55.936586000','DD/MM/RRRR HH24:MI:SSXFF'));
Insert into LOR.DJANGO_MIGRATIONS (ID,APP,NAME,APPLIED) values (17,'auth','0012_alter_user_first_name_max_length',to_timestamp('05/01/2026 08:31:55.945525000','DD/MM/RRRR HH24:MI:SSXFF'));
Insert into LOR.DJANGO_MIGRATIONS (ID,APP,NAME,APPLIED) values (18,'sessions','0001_initial',to_timestamp('05/01/2026 08:31:55.958297000','DD/MM/RRRR HH24:MI:SSXFF'));
Insert into LOR.DJANGO_MIGRATIONS (ID,APP,NAME,APPLIED) values (21,'main','0001_initial',to_timestamp('06/01/2026 16:54:48.104403000','DD/MM/RRRR HH24:MI:SSXFF'));
REM INSERTING into LOR.DJANGO_SESSION
SET DEFINE OFF;
Insert into LOR.DJANGO_SESSION (SESSION_KEY,EXPIRE_DATE) values ('j5ox03f06fb5lkjay48370o25xzihayv',to_timestamp('20/01/2026 18:17:28.023765000','DD/MM/RRRR HH24:MI:SSXFF'));
Insert into LOR.DJANGO_SESSION (SESSION_KEY,EXPIRE_DATE) values ('ligjxmtv84zekinvg6va10jzy8r55pcy',to_timestamp('23/01/2026 22:12:57.900975000','DD/MM/RRRR HH24:MI:SSXFF'));
Insert into LOR.DJANGO_SESSION (SESSION_KEY,EXPIRE_DATE) values ('mu9ow0rpo33z0o1ghfrd9itw37zpdkmr',to_timestamp('23/01/2026 22:36:29.499704000','DD/MM/RRRR HH24:MI:SSXFF'));
Insert into LOR.DJANGO_SESSION (SESSION_KEY,EXPIRE_DATE) values ('uwxrl5tbtoibrn4cz6ty00193vnhdjxi',to_timestamp('23/01/2026 22:35:17.455571000','DD/MM/RRRR HH24:MI:SSXFF'));
Insert into LOR.DJANGO_SESSION (SESSION_KEY,EXPIRE_DATE) values ('wno02i50gpp11ik4z1gj2s5l5i1dum67',to_timestamp('26/01/2026 01:27:11.114809000','DD/MM/RRRR HH24:MI:SSXFF'));
Insert into LOR.DJANGO_SESSION (SESSION_KEY,EXPIRE_DATE) values ('za6z3hasn56cf1m6o9dxg1pf9spnvvyu',to_timestamp('24/01/2026 11:32:08.614294000','DD/MM/RRRR HH24:MI:SSXFF'));
REM INSERTING into LOR.ORDER_ITEM
SET DEFINE OFF;
Insert into LOR.ORDER_ITEM (ORDER_ITEM_ID,ORDER_ID,PRODUCT_ID,QUANTITY,SUBTOTAL) values (4,21,3,1,123);
Insert into LOR.ORDER_ITEM (ORDER_ITEM_ID,ORDER_ID,PRODUCT_ID,QUANTITY,SUBTOTAL) values (9,26,3,1,123);
Insert into LOR.ORDER_ITEM (ORDER_ITEM_ID,ORDER_ID,PRODUCT_ID,QUANTITY,SUBTOTAL) values (1,15,3,1,123);
Insert into LOR.ORDER_ITEM (ORDER_ITEM_ID,ORDER_ID,PRODUCT_ID,QUANTITY,SUBTOTAL) values (2,17,3,1,123);
Insert into LOR.ORDER_ITEM (ORDER_ITEM_ID,ORDER_ID,PRODUCT_ID,QUANTITY,SUBTOTAL) values (3,19,3,1,123);
REM INSERTING into LOR.ORDER_TABLE
SET DEFINE OFF;
Insert into LOR.ORDER_TABLE (ORDER_ID,STAFF_ID,CUSTOMER_ID,TOTAL_AMOUNT,ORDER_DATE) values (20,62,41,123,to_timestamp('09/01/2026 23:14:06.414616000','DD/MM/RRRR HH24:MI:SSXFF'));
Insert into LOR.ORDER_TABLE (ORDER_ID,STAFF_ID,CUSTOMER_ID,TOTAL_AMOUNT,ORDER_DATE) values (21,62,41,123,to_timestamp('09/01/2026 23:14:06.416656000','DD/MM/RRRR HH24:MI:SSXFF'));
Insert into LOR.ORDER_TABLE (ORDER_ID,STAFF_ID,CUSTOMER_ID,TOTAL_AMOUNT,ORDER_DATE) values (26,62,41,123,to_timestamp('09/01/2026 23:22:23.523074000','DD/MM/RRRR HH24:MI:SSXFF'));
Insert into LOR.ORDER_TABLE (ORDER_ID,STAFF_ID,CUSTOMER_ID,TOTAL_AMOUNT,ORDER_DATE) values (14,null,41,123,to_timestamp('09/01/2026 23:11:08.158405000','DD/MM/RRRR HH24:MI:SSXFF'));
Insert into LOR.ORDER_TABLE (ORDER_ID,STAFF_ID,CUSTOMER_ID,TOTAL_AMOUNT,ORDER_DATE) values (15,null,41,123,to_timestamp('09/01/2026 23:11:08.163150000','DD/MM/RRRR HH24:MI:SSXFF'));
Insert into LOR.ORDER_TABLE (ORDER_ID,STAFF_ID,CUSTOMER_ID,TOTAL_AMOUNT,ORDER_DATE) values (16,null,41,123,to_timestamp('09/01/2026 23:11:28.522484000','DD/MM/RRRR HH24:MI:SSXFF'));
Insert into LOR.ORDER_TABLE (ORDER_ID,STAFF_ID,CUSTOMER_ID,TOTAL_AMOUNT,ORDER_DATE) values (17,null,41,123,to_timestamp('09/01/2026 23:11:28.524508000','DD/MM/RRRR HH24:MI:SSXFF'));
Insert into LOR.ORDER_TABLE (ORDER_ID,STAFF_ID,CUSTOMER_ID,TOTAL_AMOUNT,ORDER_DATE) values (18,null,41,123,to_timestamp('09/01/2026 23:13:35.128515000','DD/MM/RRRR HH24:MI:SSXFF'));
Insert into LOR.ORDER_TABLE (ORDER_ID,STAFF_ID,CUSTOMER_ID,TOTAL_AMOUNT,ORDER_DATE) values (19,null,41,123,to_timestamp('09/01/2026 23:13:35.130058000','DD/MM/RRRR HH24:MI:SSXFF'));
REM INSERTING into LOR.PAYMENT
SET DEFINE OFF;
Insert into LOR.PAYMENT (PAYMENT_ID,ORDER_ID,PAYMENT_METHOD,PAYMENT_DATE,AMOUNT) values (3,26,'Direct Checkout (Test)',to_timestamp('09/01/2026 23:22:23.525092000','DD/MM/RRRR HH24:MI:SSXFF'),123);
REM INSERTING into LOR.PRODUCT
SET DEFINE OFF;
Insert into LOR.PRODUCT (PRODUCT_ID,CATEGORY_ID,NAME,PRICE,STOCK,IMAGE_PATH) values (6,2,'test',12,12,'fypstuff.png');
Insert into LOR.PRODUCT (PRODUCT_ID,CATEGORY_ID,NAME,PRICE,STOCK,IMAGE_PATH) values (1,1,'Flared Pants',10,10,'flarredJeans.jpg');
Insert into LOR.PRODUCT (PRODUCT_ID,CATEGORY_ID,NAME,PRICE,STOCK,IMAGE_PATH) values (2,2,'Flannel',120,10,'flannel.jpg');
Insert into LOR.PRODUCT (PRODUCT_ID,CATEGORY_ID,NAME,PRICE,STOCK,IMAGE_PATH) values (3,2,'Polo Shirt',123,119,'splashpn.png');
Insert into LOR.PRODUCT (PRODUCT_ID,CATEGORY_ID,NAME,PRICE,STOCK,IMAGE_PATH) values (4,2,'Zipper',123,10,'zip-up.jpg');
REM INSERTING into LOR.STAFF
SET DEFINE OFF;
Insert into LOR.STAFF (STAFF_ID,SUPERVISOR_ID,JOB_TITLE,EMPLOYMENT_TYPE,DEPARTMENT,HIRE_DATE,HOURLY_RATE,SHIFT) values (62,null,'Junior Staff','Full-time','General',to_date('10/01/2026','DD/MM/RRRR'),15,null);
REM INSERTING into LOR.USER_TABLE
SET DEFINE OFF;
Insert into LOR.USER_TABLE (USER_ID,NAME,EMAIL,PASSWORD,PHONE,ADDRESS,ROLE) values (41,'test','test2@test.com','test','99999999999999','123445','customer');
Insert into LOR.USER_TABLE (USER_ID,NAME,EMAIL,PASSWORD,PHONE,ADDRESS,ROLE) values (21,'lor','admintest@test.com','root','0199999999','Gigiit dia hasan','staff');
Insert into LOR.USER_TABLE (USER_ID,NAME,EMAIL,PASSWORD,PHONE,ADDRESS,ROLE) values (61,'Fatkim0301','kimon@mail.com','123',null,null,'customer');
Insert into LOR.USER_TABLE (USER_ID,NAME,EMAIL,PASSWORD,PHONE,ADDRESS,ROLE) values (62,'admin','test@admin.com','root',null,null,'staff');
--------------------------------------------------------
--  DDL for Index SYS_C008595
--------------------------------------------------------

  CREATE UNIQUE INDEX "LOR"."SYS_C008595" ON "LOR"."AUTH_GROUP" ("ID") 
  PCTFREE 10 INITRANS 2 MAXTRANS 255 
  TABLESPACE "USERS" ;
--------------------------------------------------------
--  DDL for Index SYS_C008596
--------------------------------------------------------

  CREATE UNIQUE INDEX "LOR"."SYS_C008596" ON "LOR"."AUTH_GROUP" ("NAME") 
  PCTFREE 10 INITRANS 2 MAXTRANS 255 
  TABLESPACE "USERS" ;
--------------------------------------------------------
--  DDL for Index SYS_C008600
--------------------------------------------------------

  CREATE UNIQUE INDEX "LOR"."SYS_C008600" ON "LOR"."AUTH_GROUP_PERMISSIONS" ("ID") 
  PCTFREE 10 INITRANS 2 MAXTRANS 255 
  TABLESPACE "USERS" ;
--------------------------------------------------------
--  DDL for Index AUTH_GROU_GROUP_ID__0CD325B0_U
--------------------------------------------------------

  CREATE UNIQUE INDEX "LOR"."AUTH_GROU_GROUP_ID__0CD325B0_U" ON "LOR"."AUTH_GROUP_PERMISSIONS" ("GROUP_ID", "PERMISSION_ID") 
  PCTFREE 10 INITRANS 2 MAXTRANS 255 COMPUTE STATISTICS 
  TABLESPACE "USERS" ;
--------------------------------------------------------
--  DDL for Index AUTH_GROUP_GROUP_ID_B120CBF9
--------------------------------------------------------

  CREATE INDEX "LOR"."AUTH_GROUP_GROUP_ID_B120CBF9" ON "LOR"."AUTH_GROUP_PERMISSIONS" ("GROUP_ID") 
  PCTFREE 10 INITRANS 2 MAXTRANS 255 COMPUTE STATISTICS 
  TABLESPACE "USERS" ;
--------------------------------------------------------
--  DDL for Index AUTH_GROUP_PERMISSION_84C5C92E
--------------------------------------------------------

  CREATE INDEX "LOR"."AUTH_GROUP_PERMISSION_84C5C92E" ON "LOR"."AUTH_GROUP_PERMISSIONS" ("PERMISSION_ID") 
  PCTFREE 10 INITRANS 2 MAXTRANS 255 COMPUTE STATISTICS 
  TABLESPACE "USERS" ;
--------------------------------------------------------
--  DDL for Index SYS_C008593
--------------------------------------------------------

  CREATE UNIQUE INDEX "LOR"."SYS_C008593" ON "LOR"."AUTH_PERMISSION" ("ID") 
  PCTFREE 10 INITRANS 2 MAXTRANS 255 COMPUTE STATISTICS 
  STORAGE(INITIAL 65536 NEXT 1048576 MINEXTENTS 1 MAXEXTENTS 2147483645
  PCTINCREASE 0 FREELISTS 1 FREELIST GROUPS 1
  BUFFER_POOL DEFAULT FLASH_CACHE DEFAULT CELL_FLASH_CACHE DEFAULT)
  TABLESPACE "USERS" ;
--------------------------------------------------------
--  DDL for Index AUTH_PERM_CONTENT_T_01AB375A_U
--------------------------------------------------------

  CREATE UNIQUE INDEX "LOR"."AUTH_PERM_CONTENT_T_01AB375A_U" ON "LOR"."AUTH_PERMISSION" ("CONTENT_TYPE_ID", "CODENAME") 
  PCTFREE 10 INITRANS 2 MAXTRANS 255 COMPUTE STATISTICS 
  STORAGE(INITIAL 65536 NEXT 1048576 MINEXTENTS 1 MAXEXTENTS 2147483645
  PCTINCREASE 0 FREELISTS 1 FREELIST GROUPS 1
  BUFFER_POOL DEFAULT FLASH_CACHE DEFAULT CELL_FLASH_CACHE DEFAULT)
  TABLESPACE "USERS" ;
--------------------------------------------------------
--  DDL for Index AUTH_PERMI_CONTENT_TY_2F476E4B
--------------------------------------------------------

  CREATE INDEX "LOR"."AUTH_PERMI_CONTENT_TY_2F476E4B" ON "LOR"."AUTH_PERMISSION" ("CONTENT_TYPE_ID") 
  PCTFREE 10 INITRANS 2 MAXTRANS 255 COMPUTE STATISTICS 
  STORAGE(INITIAL 65536 NEXT 1048576 MINEXTENTS 1 MAXEXTENTS 2147483645
  PCTINCREASE 0 FREELISTS 1 FREELIST GROUPS 1
  BUFFER_POOL DEFAULT FLASH_CACHE DEFAULT CELL_FLASH_CACHE DEFAULT)
  TABLESPACE "USERS" ;
--------------------------------------------------------
--  DDL for Index SYS_C008610
--------------------------------------------------------

  CREATE UNIQUE INDEX "LOR"."SYS_C008610" ON "LOR"."AUTH_USER" ("ID") 
  PCTFREE 10 INITRANS 2 MAXTRANS 255 COMPUTE STATISTICS 
  STORAGE(INITIAL 65536 NEXT 1048576 MINEXTENTS 1 MAXEXTENTS 2147483645
  PCTINCREASE 0 FREELISTS 1 FREELIST GROUPS 1
  BUFFER_POOL DEFAULT FLASH_CACHE DEFAULT CELL_FLASH_CACHE DEFAULT)
  TABLESPACE "USERS" ;
--------------------------------------------------------
--  DDL for Index SYS_C008611
--------------------------------------------------------

  CREATE UNIQUE INDEX "LOR"."SYS_C008611" ON "LOR"."AUTH_USER" ("USERNAME") 
  PCTFREE 10 INITRANS 2 MAXTRANS 255 COMPUTE STATISTICS 
  STORAGE(INITIAL 65536 NEXT 1048576 MINEXTENTS 1 MAXEXTENTS 2147483645
  PCTINCREASE 0 FREELISTS 1 FREELIST GROUPS 1
  BUFFER_POOL DEFAULT FLASH_CACHE DEFAULT CELL_FLASH_CACHE DEFAULT)
  TABLESPACE "USERS" ;
--------------------------------------------------------
--  DDL for Index SYS_C008615
--------------------------------------------------------

  CREATE UNIQUE INDEX "LOR"."SYS_C008615" ON "LOR"."AUTH_USER_GROUPS" ("ID") 
  PCTFREE 10 INITRANS 2 MAXTRANS 255 
  TABLESPACE "USERS" ;
--------------------------------------------------------
--  DDL for Index AUTH_USER_USER_ID_G_94350C0C_U
--------------------------------------------------------

  CREATE UNIQUE INDEX "LOR"."AUTH_USER_USER_ID_G_94350C0C_U" ON "LOR"."AUTH_USER_GROUPS" ("USER_ID", "GROUP_ID") 
  PCTFREE 10 INITRANS 2 MAXTRANS 255 COMPUTE STATISTICS 
  TABLESPACE "USERS" ;
--------------------------------------------------------
--  DDL for Index AUTH_USER__USER_ID_6A12ED8B
--------------------------------------------------------

  CREATE INDEX "LOR"."AUTH_USER__USER_ID_6A12ED8B" ON "LOR"."AUTH_USER_GROUPS" ("USER_ID") 
  PCTFREE 10 INITRANS 2 MAXTRANS 255 COMPUTE STATISTICS 
  TABLESPACE "USERS" ;
--------------------------------------------------------
--  DDL for Index AUTH_USER__GROUP_ID_97559544
--------------------------------------------------------

  CREATE INDEX "LOR"."AUTH_USER__GROUP_ID_97559544" ON "LOR"."AUTH_USER_GROUPS" ("GROUP_ID") 
  PCTFREE 10 INITRANS 2 MAXTRANS 255 COMPUTE STATISTICS 
  TABLESPACE "USERS" ;
--------------------------------------------------------
--  DDL for Index SYS_C008619
--------------------------------------------------------

  CREATE UNIQUE INDEX "LOR"."SYS_C008619" ON "LOR"."AUTH_USER_USER_PERMISSIONS" ("ID") 
  PCTFREE 10 INITRANS 2 MAXTRANS 255 
  TABLESPACE "USERS" ;
--------------------------------------------------------
--  DDL for Index AUTH_USER_USER_ID_P_14A6B632_U
--------------------------------------------------------

  CREATE UNIQUE INDEX "LOR"."AUTH_USER_USER_ID_P_14A6B632_U" ON "LOR"."AUTH_USER_USER_PERMISSIONS" ("USER_ID", "PERMISSION_ID") 
  PCTFREE 10 INITRANS 2 MAXTRANS 255 COMPUTE STATISTICS 
  TABLESPACE "USERS" ;
--------------------------------------------------------
--  DDL for Index AUTH_USER__USER_ID_A95EAD1B
--------------------------------------------------------

  CREATE INDEX "LOR"."AUTH_USER__USER_ID_A95EAD1B" ON "LOR"."AUTH_USER_USER_PERMISSIONS" ("USER_ID") 
  PCTFREE 10 INITRANS 2 MAXTRANS 255 COMPUTE STATISTICS 
  TABLESPACE "USERS" ;
--------------------------------------------------------
--  DDL for Index AUTH_USER__PERMISSION_1FBB5F2C
--------------------------------------------------------

  CREATE INDEX "LOR"."AUTH_USER__PERMISSION_1FBB5F2C" ON "LOR"."AUTH_USER_USER_PERMISSIONS" ("PERMISSION_ID") 
  PCTFREE 10 INITRANS 2 MAXTRANS 255 COMPUTE STATISTICS 
  TABLESPACE "USERS" ;
--------------------------------------------------------
--  DDL for Index SYS_C008678
--------------------------------------------------------

  CREATE UNIQUE INDEX "LOR"."SYS_C008678" ON "LOR"."CART" ("CART_ID") 
  PCTFREE 10 INITRANS 2 MAXTRANS 255 COMPUTE STATISTICS 
  STORAGE(INITIAL 65536 NEXT 1048576 MINEXTENTS 1 MAXEXTENTS 2147483645
  PCTINCREASE 0 FREELISTS 1 FREELIST GROUPS 1
  BUFFER_POOL DEFAULT FLASH_CACHE DEFAULT CELL_FLASH_CACHE DEFAULT)
  TABLESPACE "USERS" ;
--------------------------------------------------------
--  DDL for Index SYS_C008666
--------------------------------------------------------

  CREATE UNIQUE INDEX "LOR"."SYS_C008666" ON "LOR"."CATEGORY" ("CATEGORY_ID") 
  PCTFREE 10 INITRANS 2 MAXTRANS 255 COMPUTE STATISTICS 
  STORAGE(INITIAL 65536 NEXT 1048576 MINEXTENTS 1 MAXEXTENTS 2147483645
  PCTINCREASE 0 FREELISTS 1 FREELIST GROUPS 1
  BUFFER_POOL DEFAULT FLASH_CACHE DEFAULT CELL_FLASH_CACHE DEFAULT)
  TABLESPACE "USERS" ;
--------------------------------------------------------
--  DDL for Index SYS_C008661
--------------------------------------------------------

  CREATE UNIQUE INDEX "LOR"."SYS_C008661" ON "LOR"."CUSTOMER" ("CUSTOMER_ID") 
  PCTFREE 10 INITRANS 2 MAXTRANS 255 COMPUTE STATISTICS 
  STORAGE(INITIAL 65536 NEXT 1048576 MINEXTENTS 1 MAXEXTENTS 2147483645
  PCTINCREASE 0 FREELISTS 1 FREELIST GROUPS 1
  BUFFER_POOL DEFAULT FLASH_CACHE DEFAULT CELL_FLASH_CACHE DEFAULT)
  TABLESPACE "USERS" ;
--------------------------------------------------------
--  DDL for Index SYS_C008636
--------------------------------------------------------

  CREATE UNIQUE INDEX "LOR"."SYS_C008636" ON "LOR"."DJANGO_ADMIN_LOG" ("ID") 
  PCTFREE 10 INITRANS 2 MAXTRANS 255 COMPUTE STATISTICS 
  STORAGE(INITIAL 65536 NEXT 1048576 MINEXTENTS 1 MAXEXTENTS 2147483645
  PCTINCREASE 0 FREELISTS 1 FREELIST GROUPS 1
  BUFFER_POOL DEFAULT FLASH_CACHE DEFAULT CELL_FLASH_CACHE DEFAULT)
  TABLESPACE "USERS" ;
--------------------------------------------------------
--  DDL for Index DJANGO_ADM_CONTENT_TY_C4BCE8EB
--------------------------------------------------------

  CREATE INDEX "LOR"."DJANGO_ADM_CONTENT_TY_C4BCE8EB" ON "LOR"."DJANGO_ADMIN_LOG" ("CONTENT_TYPE_ID") 
  PCTFREE 10 INITRANS 2 MAXTRANS 255 COMPUTE STATISTICS 
  STORAGE(INITIAL 65536 NEXT 1048576 MINEXTENTS 1 MAXEXTENTS 2147483645
  PCTINCREASE 0 FREELISTS 1 FREELIST GROUPS 1
  BUFFER_POOL DEFAULT FLASH_CACHE DEFAULT CELL_FLASH_CACHE DEFAULT)
  TABLESPACE "USERS" ;
--------------------------------------------------------
--  DDL for Index DJANGO_ADM_USER_ID_C564EBA6
--------------------------------------------------------

  CREATE INDEX "LOR"."DJANGO_ADM_USER_ID_C564EBA6" ON "LOR"."DJANGO_ADMIN_LOG" ("USER_ID") 
  PCTFREE 10 INITRANS 2 MAXTRANS 255 COMPUTE STATISTICS 
  STORAGE(INITIAL 65536 NEXT 1048576 MINEXTENTS 1 MAXEXTENTS 2147483645
  PCTINCREASE 0 FREELISTS 1 FREELIST GROUPS 1
  BUFFER_POOL DEFAULT FLASH_CACHE DEFAULT CELL_FLASH_CACHE DEFAULT)
  TABLESPACE "USERS" ;
--------------------------------------------------------
--  DDL for Index SYS_C008589
--------------------------------------------------------

  CREATE UNIQUE INDEX "LOR"."SYS_C008589" ON "LOR"."DJANGO_CONTENT_TYPE" ("ID") 
  PCTFREE 10 INITRANS 2 MAXTRANS 255 COMPUTE STATISTICS 
  STORAGE(INITIAL 65536 NEXT 1048576 MINEXTENTS 1 MAXEXTENTS 2147483645
  PCTINCREASE 0 FREELISTS 1 FREELIST GROUPS 1
  BUFFER_POOL DEFAULT FLASH_CACHE DEFAULT CELL_FLASH_CACHE DEFAULT)
  TABLESPACE "USERS" ;
--------------------------------------------------------
--  DDL for Index DJANGO_CO_APP_LABEL_76BD3D3B_U
--------------------------------------------------------

  CREATE UNIQUE INDEX "LOR"."DJANGO_CO_APP_LABEL_76BD3D3B_U" ON "LOR"."DJANGO_CONTENT_TYPE" ("APP_LABEL", "MODEL") 
  PCTFREE 10 INITRANS 2 MAXTRANS 255 COMPUTE STATISTICS 
  STORAGE(INITIAL 65536 NEXT 1048576 MINEXTENTS 1 MAXEXTENTS 2147483645
  PCTINCREASE 0 FREELISTS 1 FREELIST GROUPS 1
  BUFFER_POOL DEFAULT FLASH_CACHE DEFAULT CELL_FLASH_CACHE DEFAULT)
  TABLESPACE "USERS" ;
--------------------------------------------------------
--  DDL for Index SYS_C008587
--------------------------------------------------------

  CREATE UNIQUE INDEX "LOR"."SYS_C008587" ON "LOR"."DJANGO_MIGRATIONS" ("ID") 
  PCTFREE 10 INITRANS 2 MAXTRANS 255 COMPUTE STATISTICS 
  STORAGE(INITIAL 65536 NEXT 1048576 MINEXTENTS 1 MAXEXTENTS 2147483645
  PCTINCREASE 0 FREELISTS 1 FREELIST GROUPS 1
  BUFFER_POOL DEFAULT FLASH_CACHE DEFAULT CELL_FLASH_CACHE DEFAULT)
  TABLESPACE "USERS" ;
--------------------------------------------------------
--  DDL for Index SYS_C008641
--------------------------------------------------------

  CREATE UNIQUE INDEX "LOR"."SYS_C008641" ON "LOR"."DJANGO_SESSION" ("SESSION_KEY") 
  PCTFREE 10 INITRANS 2 MAXTRANS 255 COMPUTE STATISTICS 
  STORAGE(INITIAL 65536 NEXT 1048576 MINEXTENTS 1 MAXEXTENTS 2147483645
  PCTINCREASE 0 FREELISTS 1 FREELIST GROUPS 1
  BUFFER_POOL DEFAULT FLASH_CACHE DEFAULT CELL_FLASH_CACHE DEFAULT)
  TABLESPACE "USERS" ;
--------------------------------------------------------
--  DDL for Index DJANGO_SES_EXPIRE_DAT_A5C62663
--------------------------------------------------------

  CREATE INDEX "LOR"."DJANGO_SES_EXPIRE_DAT_A5C62663" ON "LOR"."DJANGO_SESSION" ("EXPIRE_DATE") 
  PCTFREE 10 INITRANS 2 MAXTRANS 255 COMPUTE STATISTICS 
  STORAGE(INITIAL 65536 NEXT 1048576 MINEXTENTS 1 MAXEXTENTS 2147483645
  PCTINCREASE 0 FREELISTS 1 FREELIST GROUPS 1
  BUFFER_POOL DEFAULT FLASH_CACHE DEFAULT CELL_FLASH_CACHE DEFAULT)
  TABLESPACE "USERS" ;
--------------------------------------------------------
--  DDL for Index SYS_C008694
--------------------------------------------------------

  CREATE UNIQUE INDEX "LOR"."SYS_C008694" ON "LOR"."ORDER_ITEM" ("ORDER_ITEM_ID") 
  PCTFREE 10 INITRANS 2 MAXTRANS 255 COMPUTE STATISTICS 
  STORAGE(INITIAL 65536 NEXT 1048576 MINEXTENTS 1 MAXEXTENTS 2147483645
  PCTINCREASE 0 FREELISTS 1 FREELIST GROUPS 1
  BUFFER_POOL DEFAULT FLASH_CACHE DEFAULT CELL_FLASH_CACHE DEFAULT)
  TABLESPACE "USERS" ;
--------------------------------------------------------
--  DDL for Index SYS_C008686
--------------------------------------------------------

  CREATE UNIQUE INDEX "LOR"."SYS_C008686" ON "LOR"."ORDER_TABLE" ("ORDER_ID") 
  PCTFREE 10 INITRANS 2 MAXTRANS 255 COMPUTE STATISTICS 
  STORAGE(INITIAL 65536 NEXT 1048576 MINEXTENTS 1 MAXEXTENTS 2147483645
  PCTINCREASE 0 FREELISTS 1 FREELIST GROUPS 1
  BUFFER_POOL DEFAULT FLASH_CACHE DEFAULT CELL_FLASH_CACHE DEFAULT)
  TABLESPACE "USERS" ;
--------------------------------------------------------
--  DDL for Index SYS_C008702
--------------------------------------------------------

  CREATE UNIQUE INDEX "LOR"."SYS_C008702" ON "LOR"."PAYMENT" ("PAYMENT_ID") 
  PCTFREE 10 INITRANS 2 MAXTRANS 255 COMPUTE STATISTICS 
  STORAGE(INITIAL 65536 NEXT 1048576 MINEXTENTS 1 MAXEXTENTS 2147483645
  PCTINCREASE 0 FREELISTS 1 FREELIST GROUPS 1
  BUFFER_POOL DEFAULT FLASH_CACHE DEFAULT CELL_FLASH_CACHE DEFAULT)
  TABLESPACE "USERS" ;
--------------------------------------------------------
--  DDL for Index SYS_C008672
--------------------------------------------------------

  CREATE UNIQUE INDEX "LOR"."SYS_C008672" ON "LOR"."PRODUCT" ("PRODUCT_ID") 
  PCTFREE 10 INITRANS 2 MAXTRANS 255 COMPUTE STATISTICS 
  STORAGE(INITIAL 65536 NEXT 1048576 MINEXTENTS 1 MAXEXTENTS 2147483645
  PCTINCREASE 0 FREELISTS 1 FREELIST GROUPS 1
  BUFFER_POOL DEFAULT FLASH_CACHE DEFAULT CELL_FLASH_CACHE DEFAULT)
  TABLESPACE "USERS" ;
--------------------------------------------------------
--  DDL for Index SYS_C008656
--------------------------------------------------------

  CREATE UNIQUE INDEX "LOR"."SYS_C008656" ON "LOR"."STAFF" ("STAFF_ID") 
  PCTFREE 10 INITRANS 2 MAXTRANS 255 COMPUTE STATISTICS 
  STORAGE(INITIAL 65536 NEXT 1048576 MINEXTENTS 1 MAXEXTENTS 2147483645
  PCTINCREASE 0 FREELISTS 1 FREELIST GROUPS 1
  BUFFER_POOL DEFAULT FLASH_CACHE DEFAULT CELL_FLASH_CACHE DEFAULT)
  TABLESPACE "USERS" ;
--------------------------------------------------------
--  DDL for Index SYS_C008649
--------------------------------------------------------

  CREATE UNIQUE INDEX "LOR"."SYS_C008649" ON "LOR"."USER_TABLE" ("USER_ID") 
  PCTFREE 10 INITRANS 2 MAXTRANS 255 COMPUTE STATISTICS 
  STORAGE(INITIAL 65536 NEXT 1048576 MINEXTENTS 1 MAXEXTENTS 2147483645
  PCTINCREASE 0 FREELISTS 1 FREELIST GROUPS 1
  BUFFER_POOL DEFAULT FLASH_CACHE DEFAULT CELL_FLASH_CACHE DEFAULT)
  TABLESPACE "USERS" ;
--------------------------------------------------------
--  DDL for Index SYS_C008650
--------------------------------------------------------

  CREATE UNIQUE INDEX "LOR"."SYS_C008650" ON "LOR"."USER_TABLE" ("EMAIL") 
  PCTFREE 10 INITRANS 2 MAXTRANS 255 COMPUTE STATISTICS 
  STORAGE(INITIAL 65536 NEXT 1048576 MINEXTENTS 1 MAXEXTENTS 2147483645
  PCTINCREASE 0 FREELISTS 1 FREELIST GROUPS 1
  BUFFER_POOL DEFAULT FLASH_CACHE DEFAULT CELL_FLASH_CACHE DEFAULT)
  TABLESPACE "USERS" ;
--------------------------------------------------------
--  Constraints for Table AUTH_GROUP
--------------------------------------------------------

  ALTER TABLE "LOR"."AUTH_GROUP" MODIFY ("ID" NOT NULL ENABLE);
  ALTER TABLE "LOR"."AUTH_GROUP" ADD PRIMARY KEY ("ID")
  USING INDEX PCTFREE 10 INITRANS 2 MAXTRANS 255 
  TABLESPACE "USERS"  ENABLE;
  ALTER TABLE "LOR"."AUTH_GROUP" ADD UNIQUE ("NAME")
  USING INDEX PCTFREE 10 INITRANS 2 MAXTRANS 255 
  TABLESPACE "USERS"  ENABLE;
--------------------------------------------------------
--  Constraints for Table AUTH_GROUP_PERMISSIONS
--------------------------------------------------------

  ALTER TABLE "LOR"."AUTH_GROUP_PERMISSIONS" MODIFY ("ID" NOT NULL ENABLE);
  ALTER TABLE "LOR"."AUTH_GROUP_PERMISSIONS" MODIFY ("GROUP_ID" NOT NULL ENABLE);
  ALTER TABLE "LOR"."AUTH_GROUP_PERMISSIONS" MODIFY ("PERMISSION_ID" NOT NULL ENABLE);
  ALTER TABLE "LOR"."AUTH_GROUP_PERMISSIONS" ADD PRIMARY KEY ("ID")
  USING INDEX PCTFREE 10 INITRANS 2 MAXTRANS 255 
  TABLESPACE "USERS"  ENABLE;
  ALTER TABLE "LOR"."AUTH_GROUP_PERMISSIONS" ADD CONSTRAINT "AUTH_GROU_GROUP_ID__0CD325B0_U" UNIQUE ("GROUP_ID", "PERMISSION_ID")
  USING INDEX PCTFREE 10 INITRANS 2 MAXTRANS 255 COMPUTE STATISTICS 
  TABLESPACE "USERS"  ENABLE;
--------------------------------------------------------
--  Constraints for Table AUTH_PERMISSION
--------------------------------------------------------

  ALTER TABLE "LOR"."AUTH_PERMISSION" MODIFY ("ID" NOT NULL ENABLE);
  ALTER TABLE "LOR"."AUTH_PERMISSION" MODIFY ("CONTENT_TYPE_ID" NOT NULL ENABLE);
  ALTER TABLE "LOR"."AUTH_PERMISSION" ADD PRIMARY KEY ("ID")
  USING INDEX PCTFREE 10 INITRANS 2 MAXTRANS 255 COMPUTE STATISTICS 
  STORAGE(INITIAL 65536 NEXT 1048576 MINEXTENTS 1 MAXEXTENTS 2147483645
  PCTINCREASE 0 FREELISTS 1 FREELIST GROUPS 1
  BUFFER_POOL DEFAULT FLASH_CACHE DEFAULT CELL_FLASH_CACHE DEFAULT)
  TABLESPACE "USERS"  ENABLE;
  ALTER TABLE "LOR"."AUTH_PERMISSION" ADD CONSTRAINT "AUTH_PERM_CONTENT_T_01AB375A_U" UNIQUE ("CONTENT_TYPE_ID", "CODENAME")
  USING INDEX PCTFREE 10 INITRANS 2 MAXTRANS 255 COMPUTE STATISTICS 
  STORAGE(INITIAL 65536 NEXT 1048576 MINEXTENTS 1 MAXEXTENTS 2147483645
  PCTINCREASE 0 FREELISTS 1 FREELIST GROUPS 1
  BUFFER_POOL DEFAULT FLASH_CACHE DEFAULT CELL_FLASH_CACHE DEFAULT)
  TABLESPACE "USERS"  ENABLE;
--------------------------------------------------------
--  Constraints for Table AUTH_USER
--------------------------------------------------------

  ALTER TABLE "LOR"."AUTH_USER" MODIFY ("ID" NOT NULL ENABLE);
  ALTER TABLE "LOR"."AUTH_USER" MODIFY ("IS_SUPERUSER" NOT NULL ENABLE);
  ALTER TABLE "LOR"."AUTH_USER" MODIFY ("IS_STAFF" NOT NULL ENABLE);
  ALTER TABLE "LOR"."AUTH_USER" MODIFY ("IS_ACTIVE" NOT NULL ENABLE);
  ALTER TABLE "LOR"."AUTH_USER" MODIFY ("DATE_JOINED" NOT NULL ENABLE);
  ALTER TABLE "LOR"."AUTH_USER" ADD CHECK ("IS_SUPERUSER" IN (0,1)) ENABLE;
  ALTER TABLE "LOR"."AUTH_USER" ADD CHECK ("IS_STAFF" IN (0,1)) ENABLE;
  ALTER TABLE "LOR"."AUTH_USER" ADD CHECK ("IS_ACTIVE" IN (0,1)) ENABLE;
  ALTER TABLE "LOR"."AUTH_USER" ADD PRIMARY KEY ("ID")
  USING INDEX PCTFREE 10 INITRANS 2 MAXTRANS 255 COMPUTE STATISTICS 
  STORAGE(INITIAL 65536 NEXT 1048576 MINEXTENTS 1 MAXEXTENTS 2147483645
  PCTINCREASE 0 FREELISTS 1 FREELIST GROUPS 1
  BUFFER_POOL DEFAULT FLASH_CACHE DEFAULT CELL_FLASH_CACHE DEFAULT)
  TABLESPACE "USERS"  ENABLE;
  ALTER TABLE "LOR"."AUTH_USER" ADD UNIQUE ("USERNAME")
  USING INDEX PCTFREE 10 INITRANS 2 MAXTRANS 255 COMPUTE STATISTICS 
  STORAGE(INITIAL 65536 NEXT 1048576 MINEXTENTS 1 MAXEXTENTS 2147483645
  PCTINCREASE 0 FREELISTS 1 FREELIST GROUPS 1
  BUFFER_POOL DEFAULT FLASH_CACHE DEFAULT CELL_FLASH_CACHE DEFAULT)
  TABLESPACE "USERS"  ENABLE;
--------------------------------------------------------
--  Constraints for Table AUTH_USER_GROUPS
--------------------------------------------------------

  ALTER TABLE "LOR"."AUTH_USER_GROUPS" MODIFY ("ID" NOT NULL ENABLE);
  ALTER TABLE "LOR"."AUTH_USER_GROUPS" MODIFY ("USER_ID" NOT NULL ENABLE);
  ALTER TABLE "LOR"."AUTH_USER_GROUPS" MODIFY ("GROUP_ID" NOT NULL ENABLE);
  ALTER TABLE "LOR"."AUTH_USER_GROUPS" ADD PRIMARY KEY ("ID")
  USING INDEX PCTFREE 10 INITRANS 2 MAXTRANS 255 
  TABLESPACE "USERS"  ENABLE;
  ALTER TABLE "LOR"."AUTH_USER_GROUPS" ADD CONSTRAINT "AUTH_USER_USER_ID_G_94350C0C_U" UNIQUE ("USER_ID", "GROUP_ID")
  USING INDEX PCTFREE 10 INITRANS 2 MAXTRANS 255 COMPUTE STATISTICS 
  TABLESPACE "USERS"  ENABLE;
--------------------------------------------------------
--  Constraints for Table AUTH_USER_USER_PERMISSIONS
--------------------------------------------------------

  ALTER TABLE "LOR"."AUTH_USER_USER_PERMISSIONS" MODIFY ("ID" NOT NULL ENABLE);
  ALTER TABLE "LOR"."AUTH_USER_USER_PERMISSIONS" MODIFY ("USER_ID" NOT NULL ENABLE);
  ALTER TABLE "LOR"."AUTH_USER_USER_PERMISSIONS" MODIFY ("PERMISSION_ID" NOT NULL ENABLE);
  ALTER TABLE "LOR"."AUTH_USER_USER_PERMISSIONS" ADD PRIMARY KEY ("ID")
  USING INDEX PCTFREE 10 INITRANS 2 MAXTRANS 255 
  TABLESPACE "USERS"  ENABLE;
  ALTER TABLE "LOR"."AUTH_USER_USER_PERMISSIONS" ADD CONSTRAINT "AUTH_USER_USER_ID_P_14A6B632_U" UNIQUE ("USER_ID", "PERMISSION_ID")
  USING INDEX PCTFREE 10 INITRANS 2 MAXTRANS 255 COMPUTE STATISTICS 
  TABLESPACE "USERS"  ENABLE;
--------------------------------------------------------
--  Constraints for Table CART
--------------------------------------------------------

  ALTER TABLE "LOR"."CART" MODIFY ("CART_ID" NOT NULL ENABLE);
  ALTER TABLE "LOR"."CART" MODIFY ("USER_ID" NOT NULL ENABLE);
  ALTER TABLE "LOR"."CART" MODIFY ("PRODUCT_ID" NOT NULL ENABLE);
  ALTER TABLE "LOR"."CART" MODIFY ("QUANTITY" NOT NULL ENABLE);
  ALTER TABLE "LOR"."CART" ADD PRIMARY KEY ("CART_ID")
  USING INDEX PCTFREE 10 INITRANS 2 MAXTRANS 255 COMPUTE STATISTICS 
  STORAGE(INITIAL 65536 NEXT 1048576 MINEXTENTS 1 MAXEXTENTS 2147483645
  PCTINCREASE 0 FREELISTS 1 FREELIST GROUPS 1
  BUFFER_POOL DEFAULT FLASH_CACHE DEFAULT CELL_FLASH_CACHE DEFAULT)
  TABLESPACE "USERS"  ENABLE;
--------------------------------------------------------
--  Constraints for Table CATEGORY
--------------------------------------------------------

  ALTER TABLE "LOR"."CATEGORY" MODIFY ("CATEGORY_ID" NOT NULL ENABLE);
  ALTER TABLE "LOR"."CATEGORY" MODIFY ("CATEGORY_NAME" NOT NULL ENABLE);
  ALTER TABLE "LOR"."CATEGORY" MODIFY ("GENDER" NOT NULL ENABLE);
  ALTER TABLE "LOR"."CATEGORY" ADD PRIMARY KEY ("CATEGORY_ID")
  USING INDEX PCTFREE 10 INITRANS 2 MAXTRANS 255 COMPUTE STATISTICS 
  STORAGE(INITIAL 65536 NEXT 1048576 MINEXTENTS 1 MAXEXTENTS 2147483645
  PCTINCREASE 0 FREELISTS 1 FREELIST GROUPS 1
  BUFFER_POOL DEFAULT FLASH_CACHE DEFAULT CELL_FLASH_CACHE DEFAULT)
  TABLESPACE "USERS"  ENABLE;
--------------------------------------------------------
--  Constraints for Table CUSTOMER
--------------------------------------------------------

  ALTER TABLE "LOR"."CUSTOMER" MODIFY ("MEMBERSHIP_DATE" NOT NULL ENABLE);
  ALTER TABLE "LOR"."CUSTOMER" MODIFY ("MEMBERSHIP_STATUS" NOT NULL ENABLE);
  ALTER TABLE "LOR"."CUSTOMER" ADD PRIMARY KEY ("CUSTOMER_ID")
  USING INDEX PCTFREE 10 INITRANS 2 MAXTRANS 255 COMPUTE STATISTICS 
  STORAGE(INITIAL 65536 NEXT 1048576 MINEXTENTS 1 MAXEXTENTS 2147483645
  PCTINCREASE 0 FREELISTS 1 FREELIST GROUPS 1
  BUFFER_POOL DEFAULT FLASH_CACHE DEFAULT CELL_FLASH_CACHE DEFAULT)
  TABLESPACE "USERS"  ENABLE;
--------------------------------------------------------
--  Constraints for Table DJANGO_ADMIN_LOG
--------------------------------------------------------

  ALTER TABLE "LOR"."DJANGO_ADMIN_LOG" MODIFY ("ID" NOT NULL ENABLE);
  ALTER TABLE "LOR"."DJANGO_ADMIN_LOG" MODIFY ("ACTION_TIME" NOT NULL ENABLE);
  ALTER TABLE "LOR"."DJANGO_ADMIN_LOG" MODIFY ("ACTION_FLAG" NOT NULL ENABLE);
  ALTER TABLE "LOR"."DJANGO_ADMIN_LOG" MODIFY ("USER_ID" NOT NULL ENABLE);
  ALTER TABLE "LOR"."DJANGO_ADMIN_LOG" ADD CHECK ("ACTION_FLAG" >= 0) ENABLE;
  ALTER TABLE "LOR"."DJANGO_ADMIN_LOG" ADD PRIMARY KEY ("ID")
  USING INDEX PCTFREE 10 INITRANS 2 MAXTRANS 255 COMPUTE STATISTICS 
  STORAGE(INITIAL 65536 NEXT 1048576 MINEXTENTS 1 MAXEXTENTS 2147483645
  PCTINCREASE 0 FREELISTS 1 FREELIST GROUPS 1
  BUFFER_POOL DEFAULT FLASH_CACHE DEFAULT CELL_FLASH_CACHE DEFAULT)
  TABLESPACE "USERS"  ENABLE;
--------------------------------------------------------
--  Constraints for Table DJANGO_CONTENT_TYPE
--------------------------------------------------------

  ALTER TABLE "LOR"."DJANGO_CONTENT_TYPE" MODIFY ("ID" NOT NULL ENABLE);
  ALTER TABLE "LOR"."DJANGO_CONTENT_TYPE" ADD PRIMARY KEY ("ID")
  USING INDEX PCTFREE 10 INITRANS 2 MAXTRANS 255 COMPUTE STATISTICS 
  STORAGE(INITIAL 65536 NEXT 1048576 MINEXTENTS 1 MAXEXTENTS 2147483645
  PCTINCREASE 0 FREELISTS 1 FREELIST GROUPS 1
  BUFFER_POOL DEFAULT FLASH_CACHE DEFAULT CELL_FLASH_CACHE DEFAULT)
  TABLESPACE "USERS"  ENABLE;
  ALTER TABLE "LOR"."DJANGO_CONTENT_TYPE" ADD CONSTRAINT "DJANGO_CO_APP_LABEL_76BD3D3B_U" UNIQUE ("APP_LABEL", "MODEL")
  USING INDEX PCTFREE 10 INITRANS 2 MAXTRANS 255 COMPUTE STATISTICS 
  STORAGE(INITIAL 65536 NEXT 1048576 MINEXTENTS 1 MAXEXTENTS 2147483645
  PCTINCREASE 0 FREELISTS 1 FREELIST GROUPS 1
  BUFFER_POOL DEFAULT FLASH_CACHE DEFAULT CELL_FLASH_CACHE DEFAULT)
  TABLESPACE "USERS"  ENABLE;
--------------------------------------------------------
--  Constraints for Table DJANGO_MIGRATIONS
--------------------------------------------------------

  ALTER TABLE "LOR"."DJANGO_MIGRATIONS" MODIFY ("ID" NOT NULL ENABLE);
  ALTER TABLE "LOR"."DJANGO_MIGRATIONS" MODIFY ("APPLIED" NOT NULL ENABLE);
  ALTER TABLE "LOR"."DJANGO_MIGRATIONS" ADD PRIMARY KEY ("ID")
  USING INDEX PCTFREE 10 INITRANS 2 MAXTRANS 255 COMPUTE STATISTICS 
  STORAGE(INITIAL 65536 NEXT 1048576 MINEXTENTS 1 MAXEXTENTS 2147483645
  PCTINCREASE 0 FREELISTS 1 FREELIST GROUPS 1
  BUFFER_POOL DEFAULT FLASH_CACHE DEFAULT CELL_FLASH_CACHE DEFAULT)
  TABLESPACE "USERS"  ENABLE;
--------------------------------------------------------
--  Constraints for Table DJANGO_SESSION
--------------------------------------------------------

  ALTER TABLE "LOR"."DJANGO_SESSION" MODIFY ("SESSION_KEY" NOT NULL ENABLE);
  ALTER TABLE "LOR"."DJANGO_SESSION" MODIFY ("EXPIRE_DATE" NOT NULL ENABLE);
  ALTER TABLE "LOR"."DJANGO_SESSION" ADD PRIMARY KEY ("SESSION_KEY")
  USING INDEX PCTFREE 10 INITRANS 2 MAXTRANS 255 COMPUTE STATISTICS 
  STORAGE(INITIAL 65536 NEXT 1048576 MINEXTENTS 1 MAXEXTENTS 2147483645
  PCTINCREASE 0 FREELISTS 1 FREELIST GROUPS 1
  BUFFER_POOL DEFAULT FLASH_CACHE DEFAULT CELL_FLASH_CACHE DEFAULT)
  TABLESPACE "USERS"  ENABLE;
--------------------------------------------------------
--  Constraints for Table ORDER_ITEM
--------------------------------------------------------

  ALTER TABLE "LOR"."ORDER_ITEM" MODIFY ("ORDER_ITEM_ID" NOT NULL ENABLE);
  ALTER TABLE "LOR"."ORDER_ITEM" MODIFY ("ORDER_ID" NOT NULL ENABLE);
  ALTER TABLE "LOR"."ORDER_ITEM" MODIFY ("PRODUCT_ID" NOT NULL ENABLE);
  ALTER TABLE "LOR"."ORDER_ITEM" MODIFY ("QUANTITY" NOT NULL ENABLE);
  ALTER TABLE "LOR"."ORDER_ITEM" MODIFY ("SUBTOTAL" NOT NULL ENABLE);
  ALTER TABLE "LOR"."ORDER_ITEM" ADD PRIMARY KEY ("ORDER_ITEM_ID")
  USING INDEX PCTFREE 10 INITRANS 2 MAXTRANS 255 COMPUTE STATISTICS 
  STORAGE(INITIAL 65536 NEXT 1048576 MINEXTENTS 1 MAXEXTENTS 2147483645
  PCTINCREASE 0 FREELISTS 1 FREELIST GROUPS 1
  BUFFER_POOL DEFAULT FLASH_CACHE DEFAULT CELL_FLASH_CACHE DEFAULT)
  TABLESPACE "USERS"  ENABLE;
--------------------------------------------------------
--  Constraints for Table ORDER_TABLE
--------------------------------------------------------

  ALTER TABLE "LOR"."ORDER_TABLE" MODIFY ("ORDER_ID" NOT NULL ENABLE);
  ALTER TABLE "LOR"."ORDER_TABLE" MODIFY ("CUSTOMER_ID" NOT NULL ENABLE);
  ALTER TABLE "LOR"."ORDER_TABLE" MODIFY ("TOTAL_AMOUNT" NOT NULL ENABLE);
  ALTER TABLE "LOR"."ORDER_TABLE" MODIFY ("ORDER_DATE" NOT NULL ENABLE);
  ALTER TABLE "LOR"."ORDER_TABLE" ADD PRIMARY KEY ("ORDER_ID")
  USING INDEX PCTFREE 10 INITRANS 2 MAXTRANS 255 COMPUTE STATISTICS 
  STORAGE(INITIAL 65536 NEXT 1048576 MINEXTENTS 1 MAXEXTENTS 2147483645
  PCTINCREASE 0 FREELISTS 1 FREELIST GROUPS 1
  BUFFER_POOL DEFAULT FLASH_CACHE DEFAULT CELL_FLASH_CACHE DEFAULT)
  TABLESPACE "USERS"  ENABLE;
--------------------------------------------------------
--  Constraints for Table PAYMENT
--------------------------------------------------------

  ALTER TABLE "LOR"."PAYMENT" MODIFY ("PAYMENT_ID" NOT NULL ENABLE);
  ALTER TABLE "LOR"."PAYMENT" MODIFY ("ORDER_ID" NOT NULL ENABLE);
  ALTER TABLE "LOR"."PAYMENT" MODIFY ("PAYMENT_METHOD" NOT NULL ENABLE);
  ALTER TABLE "LOR"."PAYMENT" MODIFY ("PAYMENT_DATE" NOT NULL ENABLE);
  ALTER TABLE "LOR"."PAYMENT" MODIFY ("AMOUNT" NOT NULL ENABLE);
  ALTER TABLE "LOR"."PAYMENT" ADD PRIMARY KEY ("PAYMENT_ID")
  USING INDEX PCTFREE 10 INITRANS 2 MAXTRANS 255 COMPUTE STATISTICS 
  STORAGE(INITIAL 65536 NEXT 1048576 MINEXTENTS 1 MAXEXTENTS 2147483645
  PCTINCREASE 0 FREELISTS 1 FREELIST GROUPS 1
  BUFFER_POOL DEFAULT FLASH_CACHE DEFAULT CELL_FLASH_CACHE DEFAULT)
  TABLESPACE "USERS"  ENABLE;
--------------------------------------------------------
--  Constraints for Table PRODUCT
--------------------------------------------------------

  ALTER TABLE "LOR"."PRODUCT" MODIFY ("PRODUCT_ID" NOT NULL ENABLE);
  ALTER TABLE "LOR"."PRODUCT" MODIFY ("CATEGORY_ID" NOT NULL ENABLE);
  ALTER TABLE "LOR"."PRODUCT" MODIFY ("NAME" NOT NULL ENABLE);
  ALTER TABLE "LOR"."PRODUCT" MODIFY ("PRICE" NOT NULL ENABLE);
  ALTER TABLE "LOR"."PRODUCT" MODIFY ("STOCK" NOT NULL ENABLE);
  ALTER TABLE "LOR"."PRODUCT" ADD PRIMARY KEY ("PRODUCT_ID")
  USING INDEX PCTFREE 10 INITRANS 2 MAXTRANS 255 COMPUTE STATISTICS 
  STORAGE(INITIAL 65536 NEXT 1048576 MINEXTENTS 1 MAXEXTENTS 2147483645
  PCTINCREASE 0 FREELISTS 1 FREELIST GROUPS 1
  BUFFER_POOL DEFAULT FLASH_CACHE DEFAULT CELL_FLASH_CACHE DEFAULT)
  TABLESPACE "USERS"  ENABLE;
--------------------------------------------------------
--  Constraints for Table STAFF
--------------------------------------------------------

  ALTER TABLE "LOR"."STAFF" MODIFY ("HIRE_DATE" NOT NULL ENABLE);
  ALTER TABLE "LOR"."STAFF" MODIFY ("HOURLY_RATE" NOT NULL ENABLE);
  ALTER TABLE "LOR"."STAFF" ADD PRIMARY KEY ("STAFF_ID")
  USING INDEX PCTFREE 10 INITRANS 2 MAXTRANS 255 COMPUTE STATISTICS 
  STORAGE(INITIAL 65536 NEXT 1048576 MINEXTENTS 1 MAXEXTENTS 2147483645
  PCTINCREASE 0 FREELISTS 1 FREELIST GROUPS 1
  BUFFER_POOL DEFAULT FLASH_CACHE DEFAULT CELL_FLASH_CACHE DEFAULT)
  TABLESPACE "USERS"  ENABLE;
  ALTER TABLE "LOR"."STAFF" MODIFY ("JOB_TITLE" NOT NULL ENABLE);
  ALTER TABLE "LOR"."STAFF" MODIFY ("EMPLOYMENT_TYPE" NOT NULL ENABLE);
  ALTER TABLE "LOR"."STAFF" MODIFY ("DEPARTMENT" NOT NULL ENABLE);
--------------------------------------------------------
--  Constraints for Table USER_TABLE
--------------------------------------------------------

  ALTER TABLE "LOR"."USER_TABLE" MODIFY ("USER_ID" NOT NULL ENABLE);
  ALTER TABLE "LOR"."USER_TABLE" MODIFY ("NAME" NOT NULL ENABLE);
  ALTER TABLE "LOR"."USER_TABLE" MODIFY ("EMAIL" NOT NULL ENABLE);
  ALTER TABLE "LOR"."USER_TABLE" MODIFY ("PASSWORD" NOT NULL ENABLE);
  ALTER TABLE "LOR"."USER_TABLE" ADD PRIMARY KEY ("USER_ID")
  USING INDEX PCTFREE 10 INITRANS 2 MAXTRANS 255 COMPUTE STATISTICS 
  STORAGE(INITIAL 65536 NEXT 1048576 MINEXTENTS 1 MAXEXTENTS 2147483645
  PCTINCREASE 0 FREELISTS 1 FREELIST GROUPS 1
  BUFFER_POOL DEFAULT FLASH_CACHE DEFAULT CELL_FLASH_CACHE DEFAULT)
  TABLESPACE "USERS"  ENABLE;
  ALTER TABLE "LOR"."USER_TABLE" ADD UNIQUE ("EMAIL")
  USING INDEX PCTFREE 10 INITRANS 2 MAXTRANS 255 COMPUTE STATISTICS 
  STORAGE(INITIAL 65536 NEXT 1048576 MINEXTENTS 1 MAXEXTENTS 2147483645
  PCTINCREASE 0 FREELISTS 1 FREELIST GROUPS 1
  BUFFER_POOL DEFAULT FLASH_CACHE DEFAULT CELL_FLASH_CACHE DEFAULT)
  TABLESPACE "USERS"  ENABLE;
--------------------------------------------------------
--  Ref Constraints for Table AUTH_GROUP_PERMISSIONS
--------------------------------------------------------

  ALTER TABLE "LOR"."AUTH_GROUP_PERMISSIONS" ADD CONSTRAINT "AUTH_GROU_GROUP_ID_B120CBF9_F" FOREIGN KEY ("GROUP_ID")
	  REFERENCES "LOR"."AUTH_GROUP" ("ID") DEFERRABLE INITIALLY DEFERRED ENABLE;
  ALTER TABLE "LOR"."AUTH_GROUP_PERMISSIONS" ADD CONSTRAINT "AUTH_GROU_PERMISSIO_84C5C92E_F" FOREIGN KEY ("PERMISSION_ID")
	  REFERENCES "LOR"."AUTH_PERMISSION" ("ID") DEFERRABLE INITIALLY DEFERRED ENABLE;
--------------------------------------------------------
--  Ref Constraints for Table AUTH_PERMISSION
--------------------------------------------------------

  ALTER TABLE "LOR"."AUTH_PERMISSION" ADD CONSTRAINT "AUTH_PERM_CONTENT_T_2F476E4B_F" FOREIGN KEY ("CONTENT_TYPE_ID")
	  REFERENCES "LOR"."DJANGO_CONTENT_TYPE" ("ID") DEFERRABLE INITIALLY DEFERRED ENABLE;
--------------------------------------------------------
--  Ref Constraints for Table AUTH_USER_GROUPS
--------------------------------------------------------

  ALTER TABLE "LOR"."AUTH_USER_GROUPS" ADD CONSTRAINT "AUTH_USER_USER_ID_6A12ED8B_F" FOREIGN KEY ("USER_ID")
	  REFERENCES "LOR"."AUTH_USER" ("ID") DEFERRABLE INITIALLY DEFERRED ENABLE;
  ALTER TABLE "LOR"."AUTH_USER_GROUPS" ADD CONSTRAINT "AUTH_USER_GROUP_ID_97559544_F" FOREIGN KEY ("GROUP_ID")
	  REFERENCES "LOR"."AUTH_GROUP" ("ID") DEFERRABLE INITIALLY DEFERRED ENABLE;
--------------------------------------------------------
--  Ref Constraints for Table AUTH_USER_USER_PERMISSIONS
--------------------------------------------------------

  ALTER TABLE "LOR"."AUTH_USER_USER_PERMISSIONS" ADD CONSTRAINT "AUTH_USER_USER_ID_A95EAD1B_F" FOREIGN KEY ("USER_ID")
	  REFERENCES "LOR"."AUTH_USER" ("ID") DEFERRABLE INITIALLY DEFERRED ENABLE;
  ALTER TABLE "LOR"."AUTH_USER_USER_PERMISSIONS" ADD CONSTRAINT "AUTH_USER_PERMISSIO_1FBB5F2C_F" FOREIGN KEY ("PERMISSION_ID")
	  REFERENCES "LOR"."AUTH_PERMISSION" ("ID") DEFERRABLE INITIALLY DEFERRED ENABLE;
--------------------------------------------------------
--  Ref Constraints for Table CART
--------------------------------------------------------

  ALTER TABLE "LOR"."CART" ADD CONSTRAINT "FK_CART_USER" FOREIGN KEY ("USER_ID")
	  REFERENCES "LOR"."USER_TABLE" ("USER_ID") ENABLE;
  ALTER TABLE "LOR"."CART" ADD CONSTRAINT "FK_CART_PROD" FOREIGN KEY ("PRODUCT_ID")
	  REFERENCES "LOR"."PRODUCT" ("PRODUCT_ID") ENABLE;
--------------------------------------------------------
--  Ref Constraints for Table CUSTOMER
--------------------------------------------------------

  ALTER TABLE "LOR"."CUSTOMER" ADD CONSTRAINT "FK_CUSTOMER_USER" FOREIGN KEY ("CUSTOMER_ID")
	  REFERENCES "LOR"."USER_TABLE" ("USER_ID") ENABLE;
--------------------------------------------------------
--  Ref Constraints for Table DJANGO_ADMIN_LOG
--------------------------------------------------------

  ALTER TABLE "LOR"."DJANGO_ADMIN_LOG" ADD CONSTRAINT "DJANGO_AD_CONTENT_T_C4BCE8EB_F" FOREIGN KEY ("CONTENT_TYPE_ID")
	  REFERENCES "LOR"."DJANGO_CONTENT_TYPE" ("ID") DEFERRABLE INITIALLY DEFERRED ENABLE;
  ALTER TABLE "LOR"."DJANGO_ADMIN_LOG" ADD CONSTRAINT "DJANGO_AD_USER_ID_C564EBA6_F" FOREIGN KEY ("USER_ID")
	  REFERENCES "LOR"."AUTH_USER" ("ID") DEFERRABLE INITIALLY DEFERRED ENABLE;
--------------------------------------------------------
--  Ref Constraints for Table ORDER_ITEM
--------------------------------------------------------

  ALTER TABLE "LOR"."ORDER_ITEM" ADD CONSTRAINT "FK_ITEM_ORDER" FOREIGN KEY ("ORDER_ID")
	  REFERENCES "LOR"."ORDER_TABLE" ("ORDER_ID") ENABLE;
  ALTER TABLE "LOR"."ORDER_ITEM" ADD CONSTRAINT "FK_ITEM_PROD" FOREIGN KEY ("PRODUCT_ID")
	  REFERENCES "LOR"."PRODUCT" ("PRODUCT_ID") ENABLE;
--------------------------------------------------------
--  Ref Constraints for Table ORDER_TABLE
--------------------------------------------------------

  ALTER TABLE "LOR"."ORDER_TABLE" ADD CONSTRAINT "FK_ORDER_STAFF" FOREIGN KEY ("STAFF_ID")
	  REFERENCES "LOR"."STAFF" ("STAFF_ID") ENABLE;
  ALTER TABLE "LOR"."ORDER_TABLE" ADD CONSTRAINT "FK_ORDER_CUST" FOREIGN KEY ("CUSTOMER_ID")
	  REFERENCES "LOR"."CUSTOMER" ("CUSTOMER_ID") ENABLE;
--------------------------------------------------------
--  Ref Constraints for Table PAYMENT
--------------------------------------------------------

  ALTER TABLE "LOR"."PAYMENT" ADD CONSTRAINT "FK_PAY_ORDER" FOREIGN KEY ("ORDER_ID")
	  REFERENCES "LOR"."ORDER_TABLE" ("ORDER_ID") ENABLE;
--------------------------------------------------------
--  Ref Constraints for Table PRODUCT
--------------------------------------------------------

  ALTER TABLE "LOR"."PRODUCT" ADD CONSTRAINT "FK_PRODUCT_CAT" FOREIGN KEY ("CATEGORY_ID")
	  REFERENCES "LOR"."CATEGORY" ("CATEGORY_ID") ENABLE;
--------------------------------------------------------
--  Ref Constraints for Table STAFF
--------------------------------------------------------

  ALTER TABLE "LOR"."STAFF" ADD CONSTRAINT "FK_STAFF_USER" FOREIGN KEY ("STAFF_ID")
	  REFERENCES "LOR"."USER_TABLE" ("USER_ID") ENABLE;
  ALTER TABLE "LOR"."STAFF" ADD CONSTRAINT "FK_STAFF_SUPERVISOR" FOREIGN KEY ("SUPERVISOR_ID")
	  REFERENCES "LOR"."STAFF" ("STAFF_ID") ENABLE;
